Workbook

Sheet DASHBOARD
B1: ISOTANK- ACID SUMMARY DASHBOARD
B3: TOTAL PRONTO (KG) | F3: TOTAL ACTUAL QTY Isotank | J3: TOTAL VARIANCE (KG) | N3: TOTAL ACTIVE ISOTANKS IN SYSTEM | R3: Noted : Waiting GR 1 PO Isotank
B4: 452540 | F4: =SUM('ACID & ESCAID STATUS '!E131:E153) -> 498260 | J4: =F4-B4 -> 45720 | N4: =T27 -> 84
B5: =CONCATENATE(ROUNDDOWN(B4/22000.5,0)," ISOTANK") -> 20 ISOTANK | F5: =CONCATENATE(ROUNDDOWN(F4/22000.5,0)," ISOTANK") -> 22 ISOTANK | J5: =CONCATENATE(ROUNDDOWN(J4/22000.5,0)," ISOTANK") -> 2 ISOTANK
B9: FORECAST ACID JUN '26
B10: Vendor | C10: Forecast ( Kg ) | D10: Price / Kg ( IDR ) | E10: Qty First PO Jun'26 | F10: On Site | H10: Inbound Koe - Wtr | J10: Inbound Sub - Koe | L10: Inbound Hub Sub | N10: Outbound Isotank | P10: Vendor PO Jun'26 | Q10: Difference | R10: Total PO May'26 | T10: Total Isotank Rotation
F11: Empty | G11: Full | H11: Qty Isotank | I11: Qty (Kg) | J11: Qty Isotank | K11: Qty ( Kg ) | L11: Qty Isotank | M11: Qty ( Kg ) | N11: KOE | O11: HUB | P11: has Supplied (Kg) | Q11: Qty ( Kg ) | R11: Qty Isotank | S11: Qty ( Kg )
B12: ROLIMEX | C12: 200000 | E12: =SUMIFS('SUM ISOTANK'!G:G, 'SUM ISOTANK'!B:B, "SOC ROLIMEX", 'SUM ISOTANK'!H:H, ">="&DATE(2026,7,1), 'SUM ISOTANK'!H:H, "<="&DATE(2026,7,31)) -> 92000 | F12: =IFERROR(GETPIVOTDATA("Count of TANK ID",'SUM ISOTANK'!$L$1,"Vendor","SOC ROLIMEX","STATUS","EMPTY","LOCATION","WAREHOUSE"),0) + IFERROR(GETPIVOTDATA("Count of TANK ID",'SUM ISOTANK'!$L$1,"Vendor","SOC ROLIMEX","STATUS","EMPTY","LOCATION","25KT"),0) -> 4 | G12: =IFERROR(GETPIVOTDATA("Count of TANK ID",'SUM ISOTANK'!$L$1,"Vendor","SOC ROLIMEX","STATUS","FULL","LOCATION","WAREHOUSE"),0) + IFERROR(GETPIVOTDATA("Count of TANK ID",'SUM ISOTANK'!$L$1,"Vendor","SOC ROLIMEX","STATUS","FULL","LOCATION","25KT"),0)+IFERROR(GETPIVOTDATA("Count of TANK ID",'SUM ISOTANK'!$L$1,"Vendor","SOC ROLIMEX","STATUS","INSTALL","LOCATION","25KT"),0)+IFERROR(GETPIVOTDATA("Count of TANK ID",'SUM ISOTANK'!$L$1,"Vendor","SOC ROLIMEX","STATUS","INSTALL","LOCATION","WAREHOUSE"),0) -> 2 | H12: =GETPIVOTDATA("Count of TANK ID",'SUM ISOTANK'!$L$1,"Vendor","SOC ROLIMEX","STATUS","FULL","LOCATION","INBOUND- KOE WTR") -> 11 | I12: =GETPIVOTDATA("Sum of Qty PO",'SUM ISOTANK'!$L$1,"Vendor","SOC ROLIMEX","STATUS","FULL","LOCATION","INBOUND- KOE WTR") -> 220980 | J12: =GETPIVOTDATA("Count of TANK ID",'SUM ISOTANK'!$L$1,"Vendor","SOC ROLIMEX","STATUS","FULL","LOCATION","INBOUND - SUB KOE") -> 2 | K12: =IFERROR(GETPIVOTDATA("Sum of Qty PO",'SUM ISOTANK'!$L$1,"Vendor","SOC ROLIMEX","STATUS","FULL","LOCATION","INBOUND - SUB KOE"),0) -> 40510 | L12: =IFERROR(GETPIVOTDATA("Count of TANK ID",#REF!,"Vendor","SOC ROLIMEX","STATUS","FULL","LOCATION","INBOUND - HUB SUB"), 0) -> 0 | M12: =IFERROR(GETPIVOTDATA("Sum of Qty PO",'SUM ISOTANK'!$L$1,"Vendor","SOC ROLIMEX","STATUS","FULL","LOCATION","INBOUND - HUB SUB"), 0) -> 0 | N12: 0 | O12: 2 | P12: =SUM(M12,K12,I12) -> 261490 | Q12: =SUM(M12,K12,I12)-E12 -> 169490 | T12: =SUM(F12,G12,H12,J12,L12,N12,O12) -> 21
B13: DWIJAYA | C13: 250000 | D13: 12500 | E13: 250000 | F13: =IFERROR(GETPIVOTDATA("Count of TANK ID",'SUM ISOTANK'!$L$1,"Vendor","SOC DJE","STATUS","EMPTY","LOCATION","WAREHOUSE"),0) + IFERROR(GETPIVOTDATA("Count of TANK ID",'SUM ISOTANK'!$L$1,"Vendor","SOC DJE","STATUS","EMPTY","LOCATION","25KT"),0) -> 6 | G13: =IFERROR(GETPIVOTDATA("Count of TANK ID",'SUM ISOTANK'!$L$1,"Vendor","SOC DJE","STATUS","FULL","LOCATION","WAREHOUSE"),0) + IFERROR(GETPIVOTDATA("Count of TANK ID",'SUM ISOTANK'!$L$1,"Vendor","SOC DJE","STATUS","FULL","LOCATION","25KT"),0)+IFERROR(GETPIVOTDATA("Count of TANK ID",'SUM ISOTANK'!$L$1,"Vendor","SOC DJE","STATUS","INSTALL","LOCATION","25KT"),0)+IFERROR(GETPIVOTDATA("Count of TANK ID",'SUM ISOTANK'!$L$1,"Vendor","SOC DJE","STATUS","INSTALL","LOCATION","WAREHOUSE"),0) -> 9 | H13: =GETPIVOTDATA("Count of TANK ID",'SUM ISOTANK'!$L$1,"Vendor","SOC DJE","STATUS","FULL","LOCATION","INBOUND- KOE WTR") -> 8 | I13: =IFERROR(GETPIVOTDATA("Sum of Qty PO",'SUM ISOTANK'!$L$1,"Vendor","SOC DJE","STATUS","FULL","LOCATION","INBOUND- KOE WTR"), 0) -> 168440 | J13: =GETPIVOTDATA("Count of TANK ID",'SUM ISOTANK'!$L$1,"Vendor","SOC DJE","STATUS","FULL","LOCATION","INBOUND - SUB KOE") -> 2 | K13: =IFERROR(GETPIVOTDATA("Sum of Qty PO",'SUM ISOTANK'!$L$1,"Vendor","SOC DJE","STATUS","FULL","LOCATION","INBOUND - SUB KOE"),0) -> 41930 | L13: =IFERROR(GETPIVOTDATA("Count of TANK ID",#REF!,"Vendor","SOC DJE","STATUS","FULL","LOCATION","INBOUND - HUB SUB"), 0) -> 0 | M13: =IFERROR(GETPIVOTDATA("Sum of Qty PO",'SUM ISOTANK'!$L$1,"Vendor","SOC DJE","STATUS","FULL","LOCATION","INBOUND - HUB SUB"), 0) -> 0 | N13: 0 | O13: 0 | P13: =SUM(M13,K13,I13) -> 210370 | Q13: =SUM(M13,K13,I13)-E13 -> -39630 | R13: 5 | S13: 103620 | T13: =SUM(F13,G13,H13,J13,L13,N13,O13) -> 25
B14: ENERGI JAYA INOVASI PT | C14: 200000 | E14: 200000 | F14: =IFERROR(GETPIVOTDATA("Count of TANK ID",'SUM ISOTANK'!$L$1,"Vendor","ENERGI JAYA INOVASI PT","STATUS","EMPTY","LOCATION","WAREHOUSE"),0) + IFERROR(GETPIVOTDATA("Count of TANK ID",'SUM ISOTANK'!$L$1,"Vendor","ENERGI JAYA INOVASI PT","STATUS","EMPTY","LOCATION","25KT"),0) -> 0 | G14: =IFERROR(GETPIVOTDATA("Count of TANK ID",'SUM ISOTANK'!$L$1,"Vendor","ENERGI JAYA INOVASI, PT","STATUS","FULL","LOCATION","WAREHOUSE"),0) + IFERROR(GETPIVOTDATA("Count of TANK ID",'SUM ISOTANK'!$L$1,"Vendor","ENERGI JAYA INOVASI, PT","STATUS","FULL","LOCATION","25KT"),0) -> 4 | H14: 4 | I14: =IFERROR(GETPIVOTDATA("Sum of Qty PO",'SUM ISOTANK'!$L$1,"Vendor","ENERGI JAYA INOVASI, PT","STATUS","FULL","LOCATION","INBOUND- KOE WTR"), 0) -> 80240 | J14: =GETPIVOTDATA("Count of TANK ID",'SUM ISOTANK'!$L$1,"Vendor","ENERGI JAYA INOVASI, PT","STATUS","FULL","LOCATION","INBOUND - SUB KOE") -> 1 | K14: =IFERROR(GETPIVOTDATA("Sum of Qty PO",'SUM ISOTANK'!$L$1,"Vendor","ENERGI JAYA INOVASI, PT","STATUS","FULL","LOCATION","INBOUND - SUB KOE"),0) -> 22000 | L14: =IFERROR(GETPIVOTDATA("Count of TANK ID",#REF!,"Vendor","ENERGI JAYA INOVASI, PT","STATUS","FULL","LOCATION","INBOUND - HUB SUB"), 0) -> 0 | M14: =IFERROR(GETPIVOTDATA("Sum of Qty PO",'SUM ISOTANK'!$L$1,"Vendor","ENERGI JAYA INOVASI, PT","STATUS","FULL","LOCATION","INBOUND - HUB SUB"), 0) -> 0 | N14: 0 | O14: 0 | P14: =SUM(M14,K14,I14) -> 102240 | Q14: =SUM(M14,K14,I14)-E14 -> -97760 | T14: =SUM(F14,G14,H14,J14,L14,N14,O14) -> 9
B15: ADIMITRA | C15: 150000 | E15: 150000 | F15: =IFERROR(GETPIVOTDATA("Count of TANK ID",'SUM ISOTANK'!$L$1,"Vendor","ADIMITRA PRIMA LESTARI, PT","STATUS","EMPTY","LOCATION","WAREHOUSE"),0) + IFERROR(GETPIVOTDATA("Count of TANK ID",'SUM ISOTANK'!$L$1,"Vendor","ADIMITRA PRIMA LESTARI, PT","STATUS","EMPTY","LOCATION","25KT"),0) -> 0 | G15: =IFERROR(GETPIVOTDATA("Count of TANK ID",'SUM ISOTANK'!$L$1,"Vendor","ADIMITRA PRIMA LESTARI, PT","STATUS","FULL","LOCATION","WAREHOUSE"),0) + IFERROR(GETPIVOTDATA("Count of TANK ID",'SUM ISOTANK'!$L$1,"Vendor","ADIMITRA PRIMA LESTARI, PT","STATUS","FULL","LOCATION","25KT"),0) -> 1 | H15: =GETPIVOTDATA("Count of TANK ID",'SUM ISOTANK'!$L$1,"Vendor","ADIMITRA PRIMA LESTARI, PT","STATUS","FULL","LOCATION","INBOUND- KOE WTR") -> 16 | I15: =IFERROR(GETPIVOTDATA("Sum of Qty PO",'SUM ISOTANK'!$L$1,"Vendor","ADIMITRA PRIMA LESTARI, PT","STATUS","FULL","LOCATION","INBOUND- KOE WTR"), 0) -> 367000 | J15: =GETPIVOTDATA("Count of TANK ID",'SUM ISOTANK'!$L$1,"Vendor","ADIMITRA PRIMA LESTARI, PT","STATUS","FULL","LOCATION","INBOUND - SUB KOE") -> 2 | K15: =IFERROR(GETPIVOTDATA("Sum of Qty PO",'SUM ISOTANK'!$L$1,"Vendor","ADIMITRA PRIMA LESTARI, PT","STATUS","FULL","LOCATION","INBOUND - SUB KOE"),0) -> 44000 | L15: =IFERROR(GETPIVOTDATA("Count of TANK ID",#REF!,"Vendor","ADIMITRA PRIMA LESTARI, PT","STATUS","FULL","LOCATION","INBOUND - HUB SUB"), 0) -> 0 | M15: =IFERROR(GETPIVOTDATA("Sum of Qty PO",'SUM ISOTANK'!$L$1,"Vendor","ADIMITRA PRIMA LESTARI, PT","STATUS","FULL","LOCATION","INBOUND - HUB SUB"), 0) -> 0 | N15: 0 | O15: 0 | P15: =SUM(M15,K15,I15) -> 411000 | Q15: =SUM(M15,K15,I15)-E15 -> 261000 | T15: =SUM(F15,G15,H15,J15,L15,N15,O15) -> 19
B16: TOTAL | C16: =SUM(C12:C15) -> 800000 | E16: =SUM(E12:E15) -> 692000 | F16: =SUM(F12:F15) -> 10 | G16: =SUM(G12:G15) -> 16 | H16: =SUM(H12:H15) -> 39 | I16: =SUM(I12:I15) -> 836660 | J16: =SUM(J12:J15) -> 7 | K16: =SUM(K12:K15) -> 148440 | L16: =SUM(L12:L15) -> 0 | ... T16: =SUM(T12:T15) -> 74
B18: FORECAST ACID JUL '26
B19: Vendor | C19: Forecast ( Kg ) | D19: Price / Kg ( IDR ) | E19: Qty First PO Jul'26 | F19: On Site | H19: Inbound Koe - Wtr | J19: Inbound Sub - Koe | L19: Inbound Hub Sub | N19: Outbound Isotank | P19: Vendor PO Jun'26 | Q19: Difference | R19: Total PO Jun'26 | T19: Total Isotank Rotation
F20: Empty | G20: Full | H20: Qty Isotank | I20: Qty ( Kg ) | J20: Qty Isotank | K20: Qty ( Kg ) | L20: Qty Isotank | M20: Qty ( Kg ) | N20: KOE | O20: HUB | P20: has Supplied ( Kg ) | Q20: Qty ( Kg ) | R20: Qty Isotank | S20: Qty ( Kg )
B21: ROLIMEX | C21: 300000 | D21: 10999 | E21: =SUMIFS('SUM ISOTANK'!G:G, 'SUM ISOTANK'!B:B, "SOC ROLIMEX", 'SUM ISOTANK'!H:H, ">="&DATE(2026,7,1), 'SUM ISOTANK'!H:H, "<="&DATE(2026,7,31)) -> 92000 | F21: 0 | G21: 0 | H21: 0 | I21: 0 | J21: 0 | K21: 0 | N21: 4 | O21: 0 | P21: =SUM(M21,K21,I21) -> 0 | Q21: =SUM(M21,K21,I21)-E21 -> -92000 | R21: =T12-N21-O21 -> 17 | S21: =P12 -> 261490 | T21: =SUM(F21,G21,H21,J21,L21,N21,O21) -> 4
B22: DWIJAYA | C22: 350000 | D22: 12000 | E22: =SUMIFS('SUM ISOTANK'!G:G, 'SUM ISOTANK'!B:B, "SOC DJE", 'SUM ISOTANK'!H:H, ">="&DATE(2026,7,1), 'SUM ISOTANK'!H:H, "<="&DATE(2026,7,31)) -> 115000 | F22: 0 | G22: 0 | H22: 0 | I22: 0 | J22: 0 | K22: 0 | N22: 6 | O22: 0 | P22: =SUM(M22,K22,I22) -> 0 | Q22: =SUM(M22,K22,I22)-E22 -> -115000 | R22: =T13-N22-O22 -> 19 | S22: =P13 -> 210370 | T22: =SUM(F22,G22,H22,J22,L22,N22,O22) -> 6
B23: ENERGI JAYA INOVASI PT | C23: 176000 | D23: 12500 | E23: =SUMIFS('SUM ISOTANK'!G:G, 'SUM ISOTANK'!B:B, "ENERGI JAYA INOVASI, PT", 'SUM ISOTANK'!H:H, ">="&DATE(2026,7,1), 'SUM ISOTANK'!H:H, "<="&DATE(2026,7,31)) -> 0 | F23: 0 | G23: 0 | H23: 0 | I23: 0 | J23: 0 | K23: 0 | P23: =SUM(M23,K23,I23) -> 0 | Q23: =SUM(M23,K23,I23)-E23 -> 0 | R23: =T14-N23-O23 -> 9 | S23: =P14 -> 102240 | T23: =SUM(F23,G23,H23,J23,L23,N23,O23) -> 0
B24: ADIMITRA | C24: 220000 | D24: 15000 | E24: =SUMIFS('SUM ISOTANK'!G:G, 'SUM ISOTANK'!B:B, "ADIMITRA PRIMA LESTARI, PT", 'SUM ISOTANK'!H:H, ">="&DATE(2026,7,1), 'SUM ISOTANK'!H:H, "<="&DATE(2026,7,31)) -> 92000 | F24: 0 | G24: 0 | H24: 0 | I24: 0 | J24: 0 | K24: 0 | P24: =SUM(M24,K24,I24) -> 0 | Q24: =SUM(M24,K24,I24)-E24 -> -92000 | R24: =T15-N24-O24 -> 19 | S24: =P15 -> 411000 | T24: =SUM(F24,G24,H24,J24,L24,N24,O24) -> 0
B25: TOTAL | C25: =SUM(C21:C24) -> 1046000 | E25: =SUM(E21:E24) -> 299000 | F25: =SUM(F21:F24) -> 0 | G25: =SUM(G21:G24) -> 0 | H25: =SUM(H21:H24) -> 0 | I25: =SUM(I21:I24) -> 0 | J25: =SUM(J21:J24) -> 0 | K25: =SUM(K21:K24) -> 0 | L25: =SUM(L21:L24) -> 0 | ... T25: =SUM(T21:T24) -> 10
S27: Total Isotank | T27: =T16+T25 -> 84
G28: =35*21000 -> 735000
G29: 176000
G30: =G29/22000 -> 8

Sheet SUM ISOTANK
B1: Vendor | C1: TANK ID | D1: STATUS | E1: LOCATION | F1: Qty PO | G1: Qty PR | H1: Tanggal Out | I1: PR | L1: Vendor | M1: STATUS | N1: LOCATION | O1: Count of TANK ID | P1: Sum of Qty PO
A2: =TRIM(C2) -> DJEU0303868 | B2: SOC DJE | C2: DJEU0303868 | D2: =_xlfn.XLOOKUP(A2,'ACID & ESCAID STATUS '!D:D,'ACID & ESCAID STATUS '!G:G," ",0,-1) -> EMPTY | E2: =_xlfn.XLOOKUP(A2,'ACID & ESCAID STATUS '!D:D,'ACID & ESCAID STATUS '!H:H," ",0,-1) -> OUTBOUND | F2: =_xlfn.XLOOKUP(A2,'ACID & ESCAID STATUS '!D:D,'ACID & ESCAID STATUS '!E:E," ",0,-1) -> 20860 | G2: =_xlfn.XLOOKUP(A2,'ACID & ESCAID STATUS '!D:D,'ACID & ESCAID STATUS '!P:P," ",0,-1) -> 23000 | H2: =_xlfn.XLOOKUP(A2,'ACID & ESCAID STATUS '!D:D,'ACID & ESCAID STATUS '!R:R, " ",0,-1) -> 46206 | I2: =_xlfn.XLOOKUP(A2,'ACID & ESCAID STATUS '!D:D,'ACID & ESCAID STATUS '!N:N," ",0,-1) -> 99615 | L2: ADIMITRA PRIMA LESTARI, PT | M2: FULL | N2: INBOUND - SUB KOE | O2: 2 | P2: 44000
A3: =TRIM(C3) -> DJEU0303739 | B3: SOC DJE | C3: DJEU0303739 | D3: =_xlfn.XLOOKUP(A3,'ACID & ESCAID STATUS '!D:D,'ACID & ESCAID STATUS '!G:G," ",0,-1) -> EMPTY | E3: =_xlfn.XLOOKUP(A3,'ACID & ESCAID STATUS '!D:D,'ACID & ESCAID STATUS '!H:H," ",0,-1) -> OUTBOUND | F3: =_xlfn.XLOOKUP(A3,'ACID & ESCAID STATUS '!D:D,'ACID & ESCAID STATUS '!E:E," ",0,-1) -> 22700 | G3: =_xlfn.XLOOKUP(A3,'ACID & ESCAID STATUS '!D:D,'ACID & ESCAID STATUS '!P:P," ",0,-1) -> 23000 | H3: =_xlfn.XLOOKUP(A3,'ACID & ESCAID STATUS '!D:D,'ACID & ESCAID STATUS '!R:R, " ",0,-1) -> 46206 | I3: =_xlfn.XLOOKUP(A3,'ACID & ESCAID STATUS '!D:D,'ACID & ESCAID STATUS '!N:N," ",0,-1) -> 99625 | N3: WAREHOUSE | O3: 1 | P3: 25000
A4: =TRIM(C4) -> DJEU0303805 | B4: SOC DJE | C4: DJEU0303805 | D4: =_xlfn.XLOOKUP(A4,'ACID & ESCAID STATUS '!D:D,'ACID & ESCAID STATUS '!G:G," ",0,-1) -> EMPTY | E4: =_xlfn.XLOOKUP(A4,'ACID & ESCAID STATUS '!D:D,'ACID & ESCAID STATUS '!H:H," ",0,-1) -> OUTBOUND | F4: =_xlfn.XLOOKUP(A4,'ACID & ESCAID STATUS '!D:D,'ACID & ESCAID STATUS '!E:E," ",0,-1) -> 20810 | G4: =_xlfn.XLOOKUP(A4,'ACID & ESCAID STATUS '!D:D,'ACID & ESCAID STATUS '!P:P," ",0,-1) -> 23000 | H4: =_xlfn.XLOOKUP(A4,'ACID & ESCAID STATUS '!D:D,'ACID & ESCAID STATUS '!R:R, " ",0,-1) -> 46206 | I4: =_xlfn.XLOOKUP(A4,'ACID & ESCAID STATUS '!D:D,'ACID & ESCAID STATUS '!N:N," ",0,-1) -> 99623 | N4: INBOUND- KOE WTR | O4: 16 | P4: 367000
A5: =TRIM(C5) -> DJEU0303929 | B5: SOC DJE | C5: DJEU0303929 | D5: =_xlfn.XLOOKUP(A5,'ACID & ESCAID STATUS '!D:D,'ACID & ESCAID STATUS '!G:G," ",0,-1) -> FULL | E5: =_xlfn.XLOOKUP(A5,'ACID & ESCAID STATUS '!D:D,'ACID & ESCAID STATUS '!H:H," ",0,-1) -> 25KT | F5: =_xlfn.XLOOKUP(A5,'ACID & ESCAID STATUS '!D:D,'ACID & ESCAID STATUS '!E:E," ",0,-1) -> 19890 | G5: =_xlfn.XLOOKUP(A5,'ACID & ESCAID STATUS '!D:D,'ACID & ESCAID STATUS '!P:P," ",0,-1) -> 23000 | H5: =_xlfn.XLOOKUP(A5,'ACID & ESCAID STATUS '!D:D,'ACID & ESCAID STATUS '!R:R, " ",0,-1) -> 46153 | I5: =_xlfn.XLOOKUP(A5,'ACID & ESCAID STATUS '!D:D,'ACID & ESCAID STATUS '!N:N," ",0,-1) -> 100006 | L5: ENERGI JAYA INOVASI, PT | M5: FULL | N5: INBOUND - SUB KOE | O5: 1 | P5: 22000
A6: =TRIM(C6) -> DJEU0303913 | B6: SOC DJE | C6: DJEU0303913 | D6: =_xlfn.XLOOKUP(A6,'ACID & ESCAID STATUS '!D:D,'ACID & ESCAID STATUS '!G:G," ",0,-1) -> EMPTY | E6: =_xlfn.XLOOKUP(A6,'ACID & ESCAID STATUS '!D:D,'ACID & ESCAID STATUS '!H:H," ",0,-1) -> 25KT | F6: =_xlfn.XLOOKUP(A6,'ACID & ESCAID STATUS '!D:D,'ACID & ESCAID STATUS '!E:E," ",0,-1) -> 20080 | G6: =_xlfn.XLOOKUP(A6,'ACID & ESCAID STATUS '!D:D,'ACID & ESCAID STATUS '!P:P," ",0,-1) -> 23000 | H6: =_xlfn.XLOOKUP(A6,'ACID & ESCAID STATUS '!D:D,'ACID & ESCAID STATUS '!R:R, " ",0,-1) -> 46153 | I6: =_xlfn.XLOOKUP(A6,'ACID & ESCAID STATUS '!D:D,'ACID & ESCAID STATUS '!N:N," ",0,-1) -> 100007 | N6: WAREHOUSE | O6: 4 | P6: 100000
A7: =TRIM(C7) -> DJEU0303908 | B7: SOC DJE | C7: DJEU0303908 | D7: =_xlfn.XLOOKUP(A7,'ACID & ESCAID STATUS '!D:D,'ACID & ESCAID STATUS '!G:G," ",0,-1) -> EMPTY | E7: =_xlfn.XLOOKUP(A7,'ACID & ESCAID STATUS '!D:D,'ACID & ESCAID STATUS '!H:H," ",0,-1) -> OUTBOUND | F7: =_xlfn.XLOOKUP(A7,'ACID & ESCAID STATUS '!D:D,'ACID & ESCAID STATUS '!E:E," ",0,-1) -> 21560 | G7: =_xlfn.XLOOKUP(A7,'ACID & ESCAID STATUS '!D:D,'ACID & ESCAID STATUS '!P:P," ",0,-1) -> 23000 | H7: =_xlfn.XLOOKUP(A7,'ACID & ESCAID STATUS '!D:D,'ACID & ESCAID STATUS '!R:R, " ",0,-1) -> 46206 | I7: =_xlfn.XLOOKUP(A7,'ACID & ESCAID STATUS '!D:D,'ACID & ESCAID STATUS '!N:N," ",0,-1) -> 99624 | N7: INBOUND- KOE WTR | O7: 4 | P7: 80240
A8: =TRIM(C8) -> NTTU1752748 | B8: SOC DJE | C8: NTTU1752748 | D8: =_xlfn.XLOOKUP(A8,'ACID & ESCAID STATUS '!D:D,'ACID & ESCAID STATUS '!G:G," ",0,-1) -> EMPTY | E8: =_xlfn.XLOOKUP(A8,'ACID & ESCAID STATUS '!D:D,'ACID & ESCAID STATUS '!H:H," ",0,-1) -> OUTBOUND | F8: =_xlfn.XLOOKUP(A8,'ACID & ESCAID STATUS '!D:D,'ACID & ESCAID STATUS '!E:E," ",0,-1) -> 21370 | G8: =_xlfn.XLOOKUP(A8,'ACID & ESCAID STATUS '!D:D,'ACID & ESCAID STATUS '!P:P," ",0,-1) -> 23000 | H8: =_xlfn.XLOOKUP(A8,'ACID & ESCAID STATUS '!D:D,'ACID & ESCAID STATUS '!R:R, " ",0,-1) -> 46206 | I8: =_xlfn.XLOOKUP(A8,'ACID & ESCAID STATUS '!D:D,'ACID & ESCAID STATUS '!N:N," ",0,-1) -> 100008 | L8: SOC DJE | M8: EMPTY | N8: 25KT | O8: 1 | P8: 20080
A9: =TRIM(C9) -> DJEU0303699 | B9: SOC DJE | C9: DJEU0303699 | D9: =_xlfn.XLOOKUP(A9,'ACID & ESCAID STATUS '!D:D,'ACID & ESCAID STATUS '!G:G," ",0,-1) -> EMPTY | E9: =_xlfn.XLOOKUP(A9,'ACID & ESCAID STATUS '!D:D,'ACID & ESCAID STATUS '!H:H," ",0,-1) -> WAREHOUSE | F9: =_xlfn.XLOOKUP(A9,'ACID & ESCAID STATUS '!D:D,'ACID & ESCAID STATUS '!E:E," ",0,-1) -> 21250 | G9: =_xlfn.XLOOKUP(A9,'ACID & ESCAID STATUS '!D:D,'ACID & ESCAID STATUS '!P:P," ",0,-1) -> 23000 | H9: =_xlfn.XLOOKUP(A9,'ACID & ESCAID STATUS '!D:D,'ACID & ESCAID STATUS '!R:R, " ",0,-1) -> 46153 | I9: =_xlfn.XLOOKUP(A9,'ACID & ESCAID STATUS '!D:D,'ACID & ESCAID STATUS '!N:N," ",0,-1) -> 100381 | N9: OUTBOUND | O9: 6 | P9: 128580
A10: =TRIM(C10) -> DJEU0303791 | B10: SOC DJE | C10: DJEU0303791 | D10: =_xlfn.XLOOKUP(A10,'ACID & ESCAID STATUS '!D:D,'ACID & ESCAID STATUS '!G:G," ",0,-1) -> EMPTY | E10: =_xlfn.XLOOKUP(A10,'ACID & ESCAID STATUS '!D:D,'ACID & ESCAID STATUS '!H:H," ",0,-1) -> WAREHOUSE | F10: =_xlfn.XLOOKUP(A10,'ACID & ESCAID STATUS '!D:D,'ACID & ESCAID STATUS '!E:E," ",0,-1) -> 21320 | G10: =_xlfn.XLOOKUP(A10,'ACID & ESCAID STATUS '!D:D,'ACID & ESCAID STATUS '!P:P," ",0,-1) -> 23000 | H10: =_xlfn.XLOOKUP(A10,'ACID & ESCAID STATUS '!D:D,'ACID & ESCAID STATUS '!R:R, " ",0,-1) -> 46153 | I10: =_xlfn.XLOOKUP(A10,'ACID & ESCAID STATUS '!D:D,'ACID & ESCAID STATUS '!N:N," ",0,-1) -> 100010 | N10: WAREHOUSE | O10: 5 | P10: 105410
A11: =TRIM(C11) -> DJEU0303765 | B11: SOC DJE | C11: DJEU0303765 | D11: =_xlfn.XLOOKUP(A11,'ACID & ESCAID STATUS '!D:D,'ACID & ESCAID STATUS '!G:G," ",0,-1) -> EMPTY | E11: =_xlfn.XLOOKUP(A11,'ACID & ESCAID STATUS '!D:D,'ACID & ESCAID STATUS '!H:H," ",0,-1) -> WAREHOUSE | F11: =_xlfn.XLOOKUP(A11,'ACID & ESCAID STATUS '!D:D,'ACID & ESCAID STATUS '!E:E," ",0,-1) -> 20960 | G11: =_xlfn.XLOOKUP(A11,'ACID & ESCAID STATUS '!D:D,'ACID & ESCAID STATUS '!P:P," ",0,-1) -> 23000 | H11: =_xlfn.XLOOKUP(A11,'ACID & ESCAID STATUS '!D:D,'ACID & ESCAID STATUS '!R:R, " ",0,-1) -> 46153 | I11: =_xlfn.XLOOKUP(A11,'ACID & ESCAID STATUS '!D:D,'ACID & ESCAID STATUS '!N:N," ",0,-1) -> 100011 | M11: FULL | N11: 25KT | O11: 2 | P11: 41420
A12: =TRIM(C12) -> NTTU1752795 | B12: SOC DJE | C12: NTTU1752795 | D12: =_xlfn.XLOOKUP(A12,'ACID & ESCAID STATUS '!D:D,'ACID & ESCAID STATUS '!G:G," ",0,-1) -> EMPTY | E12: =_xlfn.XLOOKUP(A12,'ACID & ESCAID STATUS '!D:D,'ACID & ESCAID STATUS '!H:H," ",0,-1) -> WAREHOUSE | F12: =_xlfn.XLOOKUP(A12,'ACID & ESCAID STATUS '!D:D,'ACID & ESCAID STATUS '!E:E," ",0,-1) -> 20640 | G12: =_xlfn.XLOOKUP(A12,'ACID & ESCAID STATUS '!D:D,'ACID & ESCAID STATUS '!P:P," ",0,-1) -> 23000 | H12: =_xlfn.XLOOKUP(A12,'ACID & ESCAID STATUS '!D:D,'ACID & ESCAID STATUS '!R:R, " ",0,-1) -> 46175 | I12: =_xlfn.XLOOKUP(A12,'ACID & ESCAID STATUS '!D:D,'ACID & ESCAID STATUS '!N:N," ",0,-1) -> 100382 | N12: INBOUND - SUB KOE | O12: 2 | P12: 41930
A13: =TRIM(C13) -> DJEU0303810 | B13: SOC DJE | C13: DJEU0303810 | D13: =_xlfn.XLOOKUP(A13,'ACID & ESCAID STATUS '!D:D,'ACID & ESCAID STATUS '!G:G," ",0,-1) -> FULL | E13: =_xlfn.XLOOKUP(A13,'ACID & ESCAID STATUS '!D:D,'ACID & ESCAID STATUS '!H:H," ",0,-1) -> WAREHOUSE | F13: =_xlfn.XLOOKUP(A13,'ACID & ESCAID STATUS '!D:D,'ACID & ESCAID STATUS '!E:E," ",0,-1) -> 21300 | G13: =_xlfn.XLOOKUP(A13,'ACID & ESCAID STATUS '!D:D,'ACID & ESCAID STATUS '!P:P," ",0,-1) -> 23000 | H13: =_xlfn.XLOOKUP(A13,'ACID & ESCAID STATUS '!D:D,'ACID & ESCAID STATUS '!R:R, " ",0,-1) -> 46175 | I13: =_xlfn.XLOOKUP(A13,'ACID & ESCAID STATUS '!D:D,'ACID & ESCAID STATUS '!N:N," ",0,-1) -> 100383 | J13: =_xlfn.XLOOKUP(C13,'ACID & ESCAID STATUS '!F:F,'ACID & ESCAID STATUS '!T:T, " ",0,-1) | N13: WAREHOUSE | O13: 6 | P13: 124960
A14: =TRIM(C14) -> NTTU1752711 | B14: SOC DJE | C14: NTTU1752711 | D14: =_xlfn.XLOOKUP(A14,'ACID & ESCAID STATUS '!D:D,'ACID & ESCAID STATUS '!G:G," ",0,-1) -> FULL | E14: =_xlfn.XLOOKUP(A14,'ACID & ESCAID STATUS '!D:D,'ACID & ESCAID STATUS '!H:H," ",0,-1) -> WAREHOUSE | F14: =_xlfn.XLOOKUP(A14,'ACID & ESCAID STATUS '!D:D,'ACID & ESCAID STATUS '!E:E," ",0,-1) -> 20350 | G14: =_xlfn.XLOOKUP(A14,'ACID & ESCAID STATUS '!D:D,'ACID & ESCAID STATUS '!P:P," ",0,-1) -> 0 | H14: =_xlfn.XLOOKUP(A14,'ACID & ESCAID STATUS '!D:D,'ACID & ESCAID STATUS '!R:R, " ",0,-1) -> 0 | I14: =_xlfn.XLOOKUP(A14,'ACID & ESCAID STATUS '!D:D,'ACID & ESCAID STATUS '!N:N," ",0,-1) -> 100384 | N14: INBOUND- KOE WTR | O14: 8 | P14: 168440
A15: =TRIM(C15) -> DJEU0303826 | B15: SOC DJE | C15: DJEU0303826 | D15: =_xlfn.XLOOKUP(A15,'ACID & ESCAID STATUS '!D:D,'ACID & ESCAID STATUS '!G:G," ",0,-1) -> INSTALL | E15: =_xlfn.XLOOKUP(A15,'ACID & ESCAID STATUS '!D:D,'ACID & ESCAID STATUS '!H:H," ",0,-1) -> WAREHOUSE | F15: =_xlfn.XLOOKUP(A15,'ACID & ESCAID STATUS '!D:D,'ACID & ESCAID STATUS '!E:E," ",0,-1) -> 20250 | G15: =_xlfn.XLOOKUP(A15,'ACID & ESCAID STATUS '!D:D,'ACID & ESCAID STATUS '!P:P," ",0,-1) -> 23000 | H15: =_xlfn.XLOOKUP(A15,'ACID & ESCAID STATUS '!D:D,'ACID & ESCAID STATUS '!R:R, " ",0,-1) -> 0 | I15: =_xlfn.XLOOKUP(A15,'ACID & ESCAID STATUS '!D:D,'ACID & ESCAID STATUS '!N:N," ",0,-1) -> 100385 | M15: INSTALL | N15: WAREHOUSE | O15: 1 | P15: 20250
A16: =TRIM(C16) -> DJEU0303852 | B16: SOC DJE | C16: DJEU0303852 | D16: =_xlfn.XLOOKUP(A16,'ACID & ESCAID STATUS '!D:D,'ACID & ESCAID STATUS '!G:G," ",0,-1) -> FULL | E16: =_xlfn.XLOOKUP(A16,'ACID & ESCAID STATUS '!D:D,'ACID & ESCAID STATUS '!H:H," ",0,-1) -> WAREHOUSE | F16: =_xlfn.XLOOKUP(A16,'ACID & ESCAID STATUS '!D:D,'ACID & ESCAID STATUS '!E:E," ",0,-1) -> 21250 | G16: =_xlfn.XLOOKUP(A16,'ACID & ESCAID STATUS '!D:D,'ACID & ESCAID STATUS '!P:P," ",0,-1) -> 23000 | H16: =_xlfn.XLOOKUP(A16,'ACID & ESCAID STATUS '!D:D,'ACID & ESCAID STATUS '!R:R, " ",0,-1) -> 46175 | I16: =_xlfn.XLOOKUP(A16,'ACID & ESCAID STATUS '!D:D,'ACID & ESCAID STATUS '!N:N," ",0,-1) -> 100386 | L16: SOC ROLIMEX | M16: EMPTY | N16: OUTBOUND | O16: 6 | P16: 120940
A17: =TRIM(C17) -> NTTU1752692 | B17: SOC DJE | C17: NTTU1752692 | D17: =_xlfn.XLOOKUP(A17,'ACID & ESCAID STATUS '!D:D,'ACID & ESCAID STATUS '!G:G," ",0,-1) -> FULL | E17: =_xlfn.XLOOKUP(A17,'ACID & ESCAID STATUS '!D:D,'ACID & ESCAID STATUS '!H:H," ",0,-1) -> WAREHOUSE | F17: =_xlfn.XLOOKUP(A17,'ACID & ESCAID STATUS '!D:D,'ACID & ESCAID STATUS '!E:E," ",0,-1) -> 20660 | G17: =_xlfn.XLOOKUP(A17,'ACID & ESCAID STATUS '!D:D,'ACID & ESCAID STATUS '!P:P," ",0,-1) -> 0 | H17: =_xlfn.XLOOKUP(A17,'ACID & ESCAID STATUS '!D:D,'ACID & ESCAID STATUS '!R:R, " ",0,-1) -> 0 | I17: =_xlfn.XLOOKUP(A17,'ACID & ESCAID STATUS '!D:D,'ACID & ESCAID STATUS '!N:N," ",0,-1) -> 100387 | N17: WAREHOUSE | O17: 4 | P17: 82700
A18: =TRIM(C18) -> DJEU0303636 | B18: SOC DJE | C18: DJEU0303636 | D18: =_xlfn.XLOOKUP(A18,'ACID & ESCAID STATUS '!D:D,'ACID & ESCAID STATUS '!G:G," ",0,-1) -> FULL | E18: =_xlfn.XLOOKUP(A18,'ACID & ESCAID STATUS '!D:D,'ACID & ESCAID STATUS '!H:H," ",0,-1) -> WAREHOUSE | F18: =_xlfn.XLOOKUP(A18,'ACID & ESCAID STATUS '!D:D,'ACID & ESCAID STATUS '!E:E," ",0,-1) -> 20030 | G18: =_xlfn.XLOOKUP(A18,'ACID & ESCAID STATUS '!D:D,'ACID & ESCAID STATUS '!P:P," ",0,-1) -> 23000 | H18: =_xlfn.XLOOKUP(A18,'ACID & ESCAID STATUS '!D:D,'ACID & ESCAID STATUS '!R:R, " ",0,-1) -> 46175 | I18: =_xlfn.XLOOKUP(A18,'ACID & ESCAID STATUS '!D:D,'ACID & ESCAID STATUS '!N:N," ",0,-1) -> 100388 | M18: FULL | N18: 25KT | O18: 1 | P18: 20130
A19: =TRIM(C19) -> DJEU0303718 | B19: SOC DJE | C19: DJEU0303718 | D19: =_xlfn.XLOOKUP(A19,'ACID & ESCAID STATUS '!D:D,'ACID & ESCAID STATUS '!G:G," ",0,-1) -> FULL | E19: =_xlfn.XLOOKUP(A19,'ACID & ESCAID STATUS '!D:D,'ACID & ESCAID STATUS '!H:H," ",0,-1) -> 25KT | F19: =_xlfn.XLOOKUP(A19,'ACID & ESCAID STATUS '!D:D,'ACID & ESCAID STATUS '!E:E," ",0,-1) -> 21530 | G19: =_xlfn.XLOOKUP(A19,'ACID & ESCAID STATUS '!D:D,'ACID & ESCAID STATUS '!P:P," ",0,-1) -> 23000 | H19: =_xlfn.XLOOKUP(A19,'ACID & ESCAID STATUS '!D:D,'ACID & ESCAID STATUS '!R:R, " ",0,-1) -> 46175 | I19: =_xlfn.XLOOKUP(A19,'ACID & ESCAID STATUS '!D:D,'ACID & ESCAID STATUS '!N:N," ",0,-1) -> 100389 | N19: INBOUND - SUB KOE | O19: 2 | P19: 40510
A20: =TRIM(C20) -> DJEU0303641 | B20: SOC DJE | C20: DJEU0303641 | D20: =_xlfn.XLOOKUP(A20,'ACID & ESCAID STATUS '!D:D,'ACID & ESCAID STATUS '!G:G," ",0,-1) -> FULL | E20: =_xlfn.XLOOKUP(A20,'ACID & ESCAID STATUS '!D:D,'ACID & ESCAID STATUS '!H:H," ",0,-1) -> WAREHOUSE | F20: =_xlfn.XLOOKUP(A20,'ACID & ESCAID STATUS '!D:D,'ACID & ESCAID STATUS '!E:E," ",0,-1) -> 21370 | G20: =_xlfn.XLOOKUP(A20,'ACID & ESCAID STATUS '!D:D,'ACID & ESCAID STATUS '!P:P," ",0,-1) -> 23000 | H20: =_xlfn.XLOOKUP(A20,'ACID & ESCAID STATUS '!D:D,'ACID & ESCAID STATUS '!R:R, " ",0,-1) -> 46175 | I20: =_xlfn.XLOOKUP(A20,'ACID & ESCAID STATUS '!D:D,'ACID & ESCAID STATUS '!N:N," ",0,-1) -> 100391 | N20: INBOUND- KOE WTR | O20: 11 | P20: 220980
A21: =TRIM(C21) -> DJEU0303702 | B21: SOC DJE | C21: DJEU0303702 | D21: =_xlfn.XLOOKUP(A21,'ACID & ESCAID STATUS '!D:D,'ACID & ESCAID STATUS '!G:G," ",0,-1) -> FULL | E21: =_xlfn.XLOOKUP(A21,'ACID & ESCAID STATUS '!D:D,'ACID & ESCAID STATUS '!H:H," ",0,-1) -> INBOUND - SUB KOE | F21: =_xlfn.XLOOKUP(A21,'ACID & ESCAID STATUS '!D:D,'ACID & ESCAID STATUS '!E:E," ",0,-1) -> 21170 | G21: =_xlfn.XLOOKUP(A21,'ACID & ESCAID STATUS '!D:D,'ACID & ESCAID STATUS '!P:P," ",0,-1) -> 23000 | H21: =_xlfn.XLOOKUP(A21,'ACID & ESCAID STATUS '!D:D,'ACID & ESCAID STATUS '!R:R, " ",0,-1) -> 0 | I21: =_xlfn.XLOOKUP(A21,'ACID & ESCAID STATUS '!D:D,'ACID & ESCAID STATUS '!N:N," ",0,-1) -> 100770 | M21: INSTALL | N21: WAREHOUSE | O21: 1 | P21: 21070
A22: =TRIM(C22) -> NTTU1752780 | B22: SOC DJE | C22: NTTU1752780 | D22: =_xlfn.XLOOKUP(A22,'ACID & ESCAID STATUS '!D:D,'ACID & ESCAID STATUS '!G:G," ",0,-1) -> FULL | E22: =_xlfn.XLOOKUP(A22,'ACID & ESCAID STATUS '!D:D,'ACID & ESCAID STATUS '!H:H," ",0,-1) -> INBOUND - SUB KOE | F22: =_xlfn.XLOOKUP(A22,'ACID & ESCAID STATUS '!D:D,'ACID & ESCAID STATUS '!E:E," ",0,-1) -> 20760 | G22: =_xlfn.XLOOKUP(A22,'ACID & ESCAID STATUS '!D:D,'ACID & ESCAID STATUS '!P:P," ",0,-1) -> 23000 | H22: =_xlfn.XLOOKUP(A22,'ACID & ESCAID STATUS '!D:D,'ACID & ESCAID STATUS '!R:R, " ",0,-1) -> 0 | I22: =_xlfn.XLOOKUP(A22,'ACID & ESCAID STATUS '!D:D,'ACID & ESCAID STATUS '!N:N," ",0,-1) -> 100768 | L22: (blank) | M22: (blank) | N22: (blank)
A23: =TRIM(C23) -> DJEU0303662 | B23: SOC DJE | C23: DJEU0303662 | D23: =_xlfn.XLOOKUP(A23,'ACID & ESCAID STATUS '!D:D,'ACID & ESCAID STATUS '!G:G," ",0,-1) -> FULL | E23: =_xlfn.XLOOKUP(A23,'ACID & ESCAID STATUS '!D:D,'ACID & ESCAID STATUS '!H:H," ",0,-1) -> INBOUND- KOE WTR | F23: =_xlfn.XLOOKUP(A23,'ACID & ESCAID STATUS '!D:D,'ACID & ESCAID STATUS '!E:E," ",0,-1) -> 21180 | G23: =_xlfn.XLOOKUP(A23,'ACID & ESCAID STATUS '!D:D,'ACID & ESCAID STATUS '!P:P," ",0,-1) -> 23000 | H23: =_xlfn.XLOOKUP(A23,'ACID & ESCAID STATUS '!D:D,'ACID & ESCAID STATUS '!R:R, " ",0,-1) -> 0 | I23: =_xlfn.XLOOKUP(A23,'ACID & ESCAID STATUS '!D:D,'ACID & ESCAID STATUS '!N:N," ",0,-1) -> 100577 | L23: Grand Total | O23: 84 | P23: 1795640
A24: =TRIM(C24) -> DJEU0303873 | B24: SOC DJE | C24: DJEU0303873 | D24: =_xlfn.XLOOKUP(A24,'ACID & ESCAID STATUS '!D:D,'ACID & ESCAID STATUS '!G:G," ",0,-1) -> FULL | E24: =_xlfn.XLOOKUP(A24,'ACID & ESCAID STATUS '!D:D,'ACID & ESCAID STATUS '!H:H," ",0,-1) -> INBOUND- KOE WTR | F24: =_xlfn.XLOOKUP(A24,'ACID & ESCAID STATUS '!D:D,'ACID & ESCAID STATUS '!E:E," ",0,-1) -> 21390 | G24: =_xlfn.XLOOKUP(A24,'ACID & ESCAID STATUS '!D:D,'ACID & ESCAID STATUS '!P:P," ",0,-1) -> 23000 | H24: =_xlfn.XLOOKUP(A24,'ACID & ESCAID STATUS '!D:D,'ACID & ESCAID STATUS '!R:R, " ",0,-1) -> 0 | I24: =_xlfn.XLOOKUP(A24,'ACID & ESCAID STATUS '!D:D,'ACID & ESCAID STATUS '!N:N," ",0,-1) -> 100572
A25: =TRIM(C25) -> NTTU1752727 | B25: SOC DJE | C25: NTTU1752727 | D25: =_xlfn.XLOOKUP(A25,'ACID & ESCAID STATUS '!D:D,'ACID & ESCAID STATUS '!G:G," ",0,-1) -> FULL | E25: =_xlfn.XLOOKUP(A25,'ACID & ESCAID STATUS '!D:D,'ACID & ESCAID STATUS '!H:H," ",0,-1) -> INBOUND- KOE WTR | F25: =_xlfn.XLOOKUP(A25,'ACID & ESCAID STATUS '!D:D,'ACID & ESCAID STATUS '!E:E," ",0,-1) -> 20830 | G25: =_xlfn.XLOOKUP(A25,'ACID & ESCAID STATUS '!D:D,'ACID & ESCAID STATUS '!P:P," ",0,-1) -> 23000 | H25: =_xlfn.XLOOKUP(A25,'ACID & ESCAID STATUS '!D:D,'ACID & ESCAID STATUS '!R:R, " ",0,-1) -> 0 | I25: =_xlfn.XLOOKUP(A25,'ACID & ESCAID STATUS '!D:D,'ACID & ESCAID STATUS '!N:N," ",0,-1) -> 100769
A26: =TRIM(C26) -> NTTU1752732 | B26: SOC DJE | C26: NTTU1752732 | D26: =_xlfn.XLOOKUP(A26,'ACID & ESCAID STATUS '!D:D,'ACID & ESCAID STATUS '!G:G," ",0,-1) -> FULL | E26: =_xlfn.XLOOKUP(A26,'ACID & ESCAID STATUS '!D:D,'ACID & ESCAID STATUS '!H:H," ",0,-1) -> INBOUND- KOE WTR | F26: =_xlfn.XLOOKUP(A26,'ACID & ESCAID STATUS '!D:D,'ACID & ESCAID STATUS '!E:E," ",0,-1) -> 20720 | G26: =_xlfn.XLOOKUP(A26,'ACID & ESCAID STATUS '!D:D,'ACID & ESCAID STATUS '!P:P," ",0,-1) -> 23000 | H26: =_xlfn.XLOOKUP(A26,'ACID & ESCAID STATUS '!D:D,'ACID & ESCAID STATUS '!R:R, " ",0,-1) -> 0 | I26: =_xlfn.XLOOKUP(A26,'ACID & ESCAID STATUS '!D:D,'ACID & ESCAID STATUS '!N:N," ",0,-1) -> 100576
A27: =TRIM(C27) -> DJEU0303894 | B27: SOC DJE | C27: DJEU0303894 | D27: =_xlfn.XLOOKUP(A27,'ACID & ESCAID STATUS '!D:D,'ACID & ESCAID STATUS '!G:G," ",0,-1) -> EMPTY | E27: =_xlfn.XLOOKUP(A27,'ACID & ESCAID STATUS '!D:D,'ACID & ESCAID STATUS '!H:H," ",0,-1) -> OUTBOUND | F27: =_xlfn.XLOOKUP(A27,'ACID & ESCAID STATUS '!D:D,'ACID & ESCAID STATUS '!E:E," ",0,-1) -> 21280 | G27: =_xlfn.XLOOKUP(A27,'ACID & ESCAID STATUS '!D:D,'ACID & ESCAID STATUS '!P:P," ",0,-1) -> 23000 | H27: =_xlfn.XLOOKUP(A27,'ACID & ESCAID STATUS '!D:D,'ACID & ESCAID STATUS '!R:R, " ",0,-1) -> 46194 | I27: =_xlfn.XLOOKUP(A27,'ACID & ESCAID STATUS '!D:D,'ACID & ESCAID STATUS '!N:N," ",0,-1) -> 99437
A28: =TRIM(C28) -> NTTU1752687 | B28: SOC DJE | C28: NTTU1752687 | D28: =_xlfn.XLOOKUP(A28,'ACID & ESCAID STATUS '!D:D,'ACID & ESCAID STATUS '!G:G," ",0,-1) -> FULL | E28: =_xlfn.XLOOKUP(A28,'ACID & ESCAID STATUS '!D:D,'ACID & ESCAID STATUS '!H:H," ",0,-1) -> INBOUND- KOE WTR | F28: =_xlfn.XLOOKUP(A28,'ACID & ESCAID STATUS '!D:D,'ACID & ESCAID STATUS '!E:E," ",0,-1) -> 20850 | G28: =_xlfn.XLOOKUP(A28,'ACID & ESCAID STATUS '!D:D,'ACID & ESCAID STATUS '!P:P," ",0,-1) -> 23000 | H28: =_xlfn.XLOOKUP(A28,'ACID & ESCAID STATUS '!D:D,'ACID & ESCAID STATUS '!R:R, " ",0,-1) -> 0 | I28: =_xlfn.XLOOKUP(A28,'ACID & ESCAID STATUS '!D:D,'ACID & ESCAID STATUS '!N:N," ",0,-1) -> 100766
A29: =TRIM(C29) -> DJEU0303750 | B29: SOC DJE | C29: DJEU0303750 | D29: =_xlfn.XLOOKUP(A29,'ACID & ESCAID STATUS '!D:D,'ACID & ESCAID STATUS '!G:G," ",0,-1) -> FULL | E29: =_xlfn.XLOOKUP(A29,'ACID & ESCAID STATUS '!D:D,'ACID & ESCAID STATUS '!H:H," ",0,-1) -> INBOUND- KOE WTR | F29: =_xlfn.XLOOKUP(A29,'ACID & ESCAID STATUS '!D:D,'ACID & ESCAID STATUS '!E:E," ",0,-1) -> 21480 | G29: =_xlfn.XLOOKUP(A29,'ACID & ESCAID STATUS '!D:D,'ACID & ESCAID STATUS '!P:P," ",0,-1) -> 23000 | H29: =_xlfn.XLOOKUP(A29,'ACID & ESCAID STATUS '!D:D,'ACID & ESCAID STATUS '!R:R, " ",0,-1) -> 0 | I29: =_xlfn.XLOOKUP(A29,'ACID & ESCAID STATUS '!D:D,'ACID & ESCAID STATUS '!N:N," ",0,-1) -> 100573
A30: =TRIM(C30) -> NTTU1752753 | B30: SOC DJE | C30: NTTU1752753 | D30: =_xlfn.XLOOKUP(A30,'ACID & ESCAID STATUS '!D:D,'ACID & ESCAID STATUS '!G:G," ",0,-1) -> FULL | E30: =_xlfn.XLOOKUP(A30,'ACID & ESCAID STATUS '!D:D,'ACID & ESCAID STATUS '!H:H," ",0,-1) -> INBOUND- KOE WTR | F30: =_xlfn.XLOOKUP(A30,'ACID & ESCAID STATUS '!D:D,'ACID & ESCAID STATUS '!E:E," ",0,-1) -> 20560 | G30: =_xlfn.XLOOKUP(A30,'ACID & ESCAID STATUS '!D:D,'ACID & ESCAID STATUS '!P:P," ",0,-1) -> 23000 | H30: =_xlfn.XLOOKUP(A30,'ACID & ESCAID STATUS '!D:D,'ACID & ESCAID STATUS '!R:R, " ",0,-1) -> 0 | I30: =_xlfn.XLOOKUP(A30,'ACID & ESCAID STATUS '!D:D,'ACID & ESCAID STATUS '!N:N," ",0,-1) -> 100574
A31: =TRIM(C31) -> DJEU0303615 | B31: SOC DJE | C31: DJEU0303615 | D31: =_xlfn.XLOOKUP(A31,'ACID & ESCAID STATUS '!D:D,'ACID & ESCAID STATUS '!G:G," ",0,-1) -> FULL | E31: =_xlfn.XLOOKUP(A31,'ACID & ESCAID STATUS '!D:D,'ACID & ESCAID STATUS '!H:H," ",0,-1) -> INBOUND- KOE WTR | F31: =_xlfn.XLOOKUP(A31,'ACID & ESCAID STATUS '!D:D,'ACID & ESCAID STATUS '!E:E," ",0,-1) -> 21430 | G31: =_xlfn.XLOOKUP(A31,'ACID & ESCAID STATUS '!D:D,'ACID & ESCAID STATUS '!P:P," ",0,-1) -> 23000 | H31: =_xlfn.XLOOKUP(A31,'ACID & ESCAID STATUS '!D:D,'ACID & ESCAID STATUS '!R:R, " ",0,-1) -> 0 | I31: =_xlfn.XLOOKUP(A31,'ACID & ESCAID STATUS '!D:D,'ACID & ESCAID STATUS '!N:N," ",0,-1) -> 100575
A32: =TRIM(C32) -> DJEU0303770 | B32: SOC DJE | C32: DJEU0303770 | D32: =_xlfn.XLOOKUP(A32,'ACID & ESCAID STATUS '!D:D,'ACID & ESCAID STATUS '!G:G," ",0,-1) -> EMPTY | E32: =_xlfn.XLOOKUP(A32,'ACID & ESCAID STATUS '!D:D,'ACID & ESCAID STATUS '!H:H," ",0,-1) -> WAREHOUSE | F32: =_xlfn.XLOOKUP(A32,'ACID & ESCAID STATUS '!D:D,'ACID & ESCAID STATUS '!E:E," ",0,-1) -> 21240 | G32: =_xlfn.XLOOKUP(A32,'ACID & ESCAID STATUS '!D:D,'ACID & ESCAID STATUS '!P:P," ",0,-1) -> 23000 | H32: =_xlfn.XLOOKUP(A32,'ACID & ESCAID STATUS '!D:D,'ACID & ESCAID STATUS '!R:R, " ",0,-1) -> 46175 | I32: =_xlfn.XLOOKUP(A32,'ACID & ESCAID STATUS '!D:D,'ACID & ESCAID STATUS '!N:N," ",0,-1) -> 100390
A33: =TRIM(C33) -> SJIU2221578 | B33: SOC ROLIMEX | C33: SJIU2221578 | D33: =_xlfn.XLOOKUP(A33,'ACID & ESCAID STATUS '!D:D,'ACID & ESCAID STATUS '!G:G," ",0,-1) -> EMPTY | E33: =_xlfn.XLOOKUP(A33,'ACID & ESCAID STATUS '!D:D,'ACID & ESCAID STATUS '!H:H," ",0,-1) -> WAREHOUSE | F33: =_xlfn.XLOOKUP(A33,'ACID & ESCAID STATUS '!D:D,'ACID & ESCAID STATUS '!E:E," ",0,-1) -> 20870 | G33: =_xlfn.XLOOKUP(A33,'ACID & ESCAID STATUS '!D:D,'ACID & ESCAID STATUS '!P:P," ",0,-1) -> 23000 | H33: =_xlfn.XLOOKUP(A33,'ACID & ESCAID STATUS '!D:D,'ACID & ESCAID STATUS '!R:R, " ",0,-1) -> 46153 | I33: =_xlfn.XLOOKUP(A33,'ACID & ESCAID STATUS '!D:D,'ACID & ESCAID STATUS '!N:N," ",0,-1) -> 99997
A34: =TRIM(C34) -> SJIU2221710 | B34: SOC ROLIMEX | C34: SJIU2221710 | D34: =_xlfn.XLOOKUP(A34,'ACID & ESCAID STATUS '!D:D,'ACID & ESCAID STATUS '!G:G," ",0,-1) -> FULL | E34: =_xlfn.XLOOKUP(A34,'ACID & ESCAID STATUS '!D:D,'ACID & ESCAID STATUS '!H:H," ",0,-1) -> INBOUND - SUB KOE | F34: =_xlfn.XLOOKUP(A34,'ACID & ESCAID STATUS '!D:D,'ACID & ESCAID STATUS '!E:E," ",0,-1) -> 20270 | G34: =_xlfn.XLOOKUP(A34,'ACID & ESCAID STATUS '!D:D,'ACID & ESCAID STATUS '!P:P," ",0,-1) -> 23000 | H34: =_xlfn.XLOOKUP(A34,'ACID & ESCAID STATUS '!D:D,'ACID & ESCAID STATUS '!R:R, " ",0,-1) -> 0 | I34: =_xlfn.XLOOKUP(A34,'ACID & ESCAID STATUS '!D:D,'ACID & ESCAID STATUS '!N:N," ",0,-1) -> 100761
A35: =TRIM(C35) -> SJIU2221541 | B35: SOC ROLIMEX | C35: SJIU2221541 | D35: =_xlfn.XLOOKUP(A35,'ACID & ESCAID STATUS '!D:D,'ACID & ESCAID STATUS '!G:G," ",0,-1) -> FULL | E35: =_xlfn.XLOOKUP(A35,'ACID & ESCAID STATUS '!D:D,'ACID & ESCAID STATUS '!H:H," ",0,-1) -> INBOUND- KOE WTR | F35: =_xlfn.XLOOKUP(A35,'ACID & ESCAID STATUS '!D:D,'ACID & ESCAID STATUS '!E:E," ",0,-1) -> 20030 | G35: =_xlfn.XLOOKUP(A35,'ACID & ESCAID STATUS '!D:D,'ACID & ESCAID STATUS '!P:P," ",0,-1) -> 23000 | H35: =_xlfn.XLOOKUP(A35,'ACID & ESCAID STATUS '!D:D,'ACID & ESCAID STATUS '!R:R, " ",0,-1) -> 0 | I35: =_xlfn.XLOOKUP(A35,'ACID & ESCAID STATUS '!D:D,'ACID & ESCAID STATUS '!N:N," ",0,-1) -> 100584
... A88: =TRIM(C88) -> NTTU1754442 | B88: ADIMITRA PRIMA LESTARI, PT | C88: NTTU1754442 | D88: =_xlfn.XLOOKUP(A88,'ACID & ESCAID STATUS '!D:D,'ACID & ESCAID STATUS '!G:G," ",0,-1) -> 0 | E88: =_xlfn.XLOOKUP(A88,'ACID & ESCAID STATUS '!D:D,'ACID & ESCAID STATUS '!H:H," ",0,-1) -> VENDOR | F88: =_xlfn.XLOOKUP(A88,'ACID & ESCAID STATUS '!D:D,'ACID & ESCAID STATUS '!E:E," ",0,-1) -> 0 | G88: =_xlfn.XLOOKUP(A88,'ACID & ESCAID STATUS '!D:D,'ACID & ESCAID STATUS '!P:P," ",0,-1) -> 23000 | H88: =_xlfn.XLOOKUP(A88,'ACID & ESCAID STATUS '!D:D,'ACID & ESCAID STATUS '!R:R, " ",0,-1) -> 46212 | I88: =_xlfn.XLOOKUP(A88,'ACID & ESCAID STATUS '!D:D,'ACID & ESCAID STATUS '!N:N," ",0,-1) -> 0
A89: =TRIM(C89) | I89: =_xlfn.XLOOKUP(A89,'ACID & ESCAID STATUS '!D:D,'ACID & ESCAID STATUS '!N:N," ",0,-1)
A90: =TRIM(C90) | I90: =_xlfn.XLOOKUP(A90,'ACID & ESCAID STATUS '!D:D,'ACID & ESCAID STATUS '!N:N," ",0,-1)
A91: =TRIM(C91) | I91: =_xlfn.XLOOKUP(A91,'ACID & ESCAID STATUS '!D:D,'ACID & ESCAID STATUS '!N:N," ",0,-1)
A92: =TRIM(C92) | I92: =_xlfn.XLOOKUP(A92,'ACID & ESCAID STATUS '!D:D,'ACID & ESCAID STATUS '!N:N," ",0,-1)
A93: =TRIM(C93) | I93: =_xlfn.XLOOKUP(A93,'ACID & ESCAID STATUS '!D:D,'ACID & ESCAID STATUS '!N:N," ",0,-1)
A94: =TRIM(C94) | I94: =_xlfn.XLOOKUP(A94,'ACID & ESCAID STATUS '!D:D,'ACID & ESCAID STATUS '!N:N," ",0,-1)
A95: =TRIM(C95) | I95: =_xlfn.XLOOKUP(A95,'ACID & ESCAID STATUS '!D:D,'ACID & ESCAID STATUS '!N:N," ",0,-1)
A96: =TRIM(C96) | I96: =_xlfn.XLOOKUP(A96,'ACID & ESCAID STATUS '!D:D,'ACID & ESCAID STATUS '!N:N," ",0,-1)
A97: =TRIM(C97) | I97: =_xlfn.XLOOKUP(A97,'ACID & ESCAID STATUS '!D:D,'ACID & ESCAID STATUS '!N:N," ",0,-1)
A98: =TRIM(C98) | I98: =_xlfn.XLOOKUP(A98,'ACID & ESCAID STATUS '!D:D,'ACID & ESCAID STATUS '!N:N," ",0,-1)
A99: =TRIM(C99) | I99: =_xlfn.XLOOKUP(A99,'ACID & ESCAID STATUS '!D:D,'ACID & ESCAID STATUS '!N:N," ",0,-1)
A100: =TRIM(C100) | I100: =_xlfn.XLOOKUP(A100,'ACID & ESCAID STATUS '!D:D,'ACID & ESCAID STATUS '!N:N," ",0,-1)
... A297: =TRIM(C297) | I297: =_xlfn.XLOOKUP(A297,'ACID & ESCAID STATUS '!D:D,'ACID & ESCAID STATUS '!N:N," ",0,-1)
A298: =TRIM(C298) -> SJIU2623350 | B298: ENERGI JAYA INOVASI, PT | C298: SJIU2623350 | D298: =_xlfn.XLOOKUP(A298,'ACID & ESCAID STATUS '!D:D,'ACID & ESCAID STATUS '!G:G," ",0,-1) -> FULL | E298: =_xlfn.XLOOKUP(A298,'ACID & ESCAID STATUS '!D:D,'ACID & ESCAID STATUS '!H:H," ",0,-1) -> INBOUND - SUB KOE | F298: =_xlfn.XLOOKUP(A298,'ACID & ESCAID STATUS '!D:D,'ACID & ESCAID STATUS '!E:E," ",0,-1) -> 22000 | G298: =_xlfn.XLOOKUP(A298,'ACID & ESCAID STATUS '!D:D,'ACID & ESCAID STATUS '!P:P," ",0,-1) -> 23000 | H298: =_xlfn.XLOOKUP(A298,'ACID & ESCAID STATUS '!D:D,'ACID & ESCAID STATUS '!R:R, " ",0,-1) -> 46182 | I298: =_xlfn.XLOOKUP(A298,'ACID & ESCAID STATUS '!D:D,'ACID & ESCAID STATUS '!N:N," ",0,-1) -> 100566

Sheet ACID & ESCAID STATUS 
D1: STOCK TAKE PERIODE JUNE 2026
E2: =TODAY() -> 46215 | J2: 100386
E3: 6823-03-114225 | F3: DWI005IDR | G3: ROL001IDR
C4: Vendor | D4: TANK ID | E4: QTY | F4: UoM | G4: STATUS | H4: LOCATION | I4: QTY ISSUED | J4: Date Empty | K4: PS | L4: CM IN | M4: DATE IN | N4: PO IN | O4: PR/PO OUT | P4: QTY PR | Q4: CM OUT | R4: DATE OUT
A5: =N5 -> 96649 | C5: ADI106IDR | D5: SJIU2522988 | E5: 25000 | F5: KG | G5: EMPTY | H5: OUTBOUND | I5: 25000 | J5: 46017 | K5: 214663 | L5: V271 29 OKT 2025 | M5: 45959 | N5: 96649 | O5: Di GOOD RETURN | Q5: LCT PERMATA 17 Voy 1214 ETD 25122025 | R5: 46016
A6: =N6 -> 96650 | B6: =TRIM(D6) -> SJIU2522993 | C6: ADI106IDR | D6: SJIU2522993 | E6: 25000 | F6: KG | G6: EMPTY | H6: OUTBOUND | I6: 25000 | J6: 46017 | K6: 214663 | L6: V271 29 OKT 2025 | M6: 45959 | N6: 96650 | O6: Di GOOD RETURN | P6: 23000 | Q6: LCT PERMATA 17 Voy 1215 ETD 03012026 | R6: 46025 | S6: REFILL NEW ISOTANK : | T6: =+S6&D6 -> REFILL NEW ISOTANK :SJIU2522993
A7: =N7 -> 96648 | B7: =TRIM(D7) -> SJIU2522972 | C7: ADI106IDR | D7: SJIU2522972 | E7: 25000 | F7: KG | G7: EMPTY | H7: OUTBOUND | I7: 25000 | L7: V271 29 OKT 2025 | M7: 45959 | N7: 96648 | O7: Di GOOD RETURN | P7: 23000 | Q7: LCT PERMATA 17 Voy 1215 ETD 03012026 | R7: 46025 | S7: REFILL NEW ISOTANK : | T7: =+S7&D7 -> REFILL NEW ISOTANK :SJIU2522972
A8: =N8 -> 96647 | B8: =TRIM(D8) -> SJIU2522967 | C8: ADI106IDR | D8: SJIU2522967 | E8: 25000 | F8: KG | G8: EMPTY | H8: OUTBOUND | I8: 25000 | J8: 46022 | K8: 214867 | L8: V271 29 OKT 2025 | M8: 45959 | N8: 96647 | O8: Di GOOD RETURN | P8: 23000 | Q8: LCT PERMATA 17 Voy 1215 ETD 03012026 | R8: 46025 | S8: REFILL NEW ISOTANK : | T8: =+S8&D8 -> REFILL NEW ISOTANK :SJIU2522967
A9: =N9 -> 96075 | B9: =TRIM(D9) -> NTTU1753765 | C9: ROL100IDR | D9: NTTU1753765 | E9: 20590 | F9: KG | G9: EMPTY | H9: OUTBOUND | I9: 20590 | J9: 46023 | K9: 214867 | L9: V273 21 NOV 2025 | M9: 45982 | N9: 96075 | P9: 23000 | Q9: LCT PERMATA 17 Voy 1215 ETD 03012026 | R9: 46025 | S9: REFILL NEW ISOTANK : | T9: =+S9&D9 -> REFILL NEW ISOTANK :NTTU1753765
A10: =N10 -> 96651 | B10: =TRIM(D10) -> SJIU2422612 | C10: ADI106IDR | D10: SJIU2422612 | E10: 25000 | F10: KG | G10: EMPTY | H10: OUTBOUND | I10: 25000 | J10: 46025 | K10: 214908 | L10: V276 23 Dec 2025 | M10: 46014 | N10: 96651 | O10: Di GOOD RETURN | P10: 23000 | Q10: LCT PERMATA 17 Voy 1216 ETD 03012026 | R10: 46025 | S10: REFILL NEW ISOTANK : | T10: =+S10&D10 -> REFILL NEW ISOTANK :SJIU2422612
A11: =N11 -> 96652 | B11: =TRIM(D11) -> SJIU2422628 | C11: ADI106IDR | D11: SJIU2422628 | E11: 25000 | F11: KG | G11: EMPTY | H11: OUTBOUND | I11: 25000 | J11: 46034 | K11: 215181 | L11: V276 23 Dec 2025 | M11: 46014 | N11: 96652 | O11: Di GOOD RETURN | P11: 23000 | Q11: LCT PERMATA 17 Voy 1216 ETD 23012026 | R11: 46025 | S11: REFILL NEW ISOTANK : | T11: =+S11&D11 -> REFILL NEW ISOTANK :SJIU2422628
A12: =N12 -> 97114 | B12: =TRIM(D12) -> DJEU0303636 | C12: DWI101IDR | D12: DJEU0303636 | E12: 20370 | F12: KG | G12: EMPTY | H12: OUTBOUND | I12: 20370 | J12: 46034 | K12: 215181 | L12: V275 14 Dec 2025 | M12: 46005 | N12: 97114 | P12: 23000 | Q12: LCT PERMATA 17 Voy 1216 ETD 23012026 | R12: 46025 | S12: REFILL NEW ISOTANK : | T12: =+S12&D12 -> REFILL NEW ISOTANK :DJEU0303636
A13: =N13 -> 96092 | B13: =TRIM(D13) -> NTTU1753739 | C13: ROL100IDR | D13: NTTU1753739 | E13: 20760 | F13: KG | G13: EMPTY | H13: OUTBOUND | I13: 20760 | J13: 46034 | K13: 215181 | L13: V273 21 NOV 2025 | M13: 45982 | N13: 96092 | P13: 23000 | Q13: LCT PERMATA 17 Voy 1216 ETD 23012026 | R13: 46025 | S13: REFILL NEW ISOTANK : | T13: =+S13&D13 -> REFILL NEW ISOTANK :NTTU1753739
A14: =N14 -> 95545 | B14: =TRIM(D14) -> NTTU1753702 | C14: ROL100IDR | D14: NTTU1753702 | E14: 19790 | F14: KG | G14: EMPTY | H14: OUTBOUND | I14: 19790 | J14: 46037 | L14: V271 29 OKT 2025 | M14: 45959 | N14: 95545 | P14: 23000 | Q14: LCT PERMATA 17 Voy 1216 ETD 23012026 | R14: 46025 | S14: REFILL NEW ISOTANK : | T14: =+S14&D14 -> REFILL NEW ISOTANK :NTTU1753702
A15: =N15 -> 97116 | B15: =TRIM(D15) -> NTTU1752748 | C15: DWI101IDR | D15: NTTU1752748 | E15: 20330 | F15: KG | G15: EMPTY | H15: OUTBOUND | I15: 20330 | J15: 46038 | K15: 215498 | L15: V275 14 Dec 2025 | M15: 46005 | N15: 97116 | P15: 23000 | Q15: LCT PERMATA 17 Voy 1216 ETD 23012026 | R15: 46025 | S15: REFILL NEW ISOTANK : | T15: =+S15&D15 -> REFILL NEW ISOTANK :NTTU1752748
A16: =N16 -> 97245 | B16: =TRIM(D16) -> DJEU0303810 | C16: DWI101IDR | D16: DJEU0303810 | E16: 20340 | F16: KG | G16: EMPTY | H16: OUTBOUND | I16: 20340 | J16: 46039 | K16: 215323 | L16: V275 14 Dec 2025 | M16: 46005 | N16: 97245 | O16: 98457 | P16: 23000 | Q16: LCT PERMATA 17 Voy 1216 ETD 23012026 | R16: 46025 | S16: REFILL NEW ISOTANK : | T16: =+S16&D16 -> REFILL NEW ISOTANK :DJEU0303810
A17: =N17 -> 97113 | B17: =TRIM(D17) -> DJEU0303699 | C17: DWI101IDR | D17: DJEU0303699 | E17: 20180 | F17: KG | G17: EMPTY | H17: OUTBOUND | I17: 20180 | K17: 215323 | L17: V275 14 Dec 2025 | M17: 46005 | N17: 97113 | O17: 98326 | P17: 23000 | Q17: LCT PERMATA 17 Voy 1216 ETD 23012026 | R17: 46025 | S17: REFILL NEW ISOTANK : | T17: =+S17&D17 -> REFILL NEW ISOTANK :DJEU0303699
A18: =N18 -> 97246 | B18: =TRIM(D18) -> DJEU0303826 | C18: DWI101IDR | D18: DJEU0303826 | E18: 20420 | F18: KG | G18: EMPTY | H18: OUTBOUND | I18: 20420 | J18: 46042 | K18: 215498 | L18: V275 14 Dec 2025 | M18: 46005 | N18: 97246 | O18: 98986 | P18: 23000 | Q18: LCT PERMATA 17 Voy 1216 ETD 23012026 | R18: 46045 | S18: REFILL NEW ISOTANK : | T18: =+S18&D18 -> REFILL NEW ISOTANK :DJEU0303826
A19: =N19 -> 97247 | B19: =TRIM(D19) -> DJEU0303718 | C19: DWI101IDR | D19: DJEU0303718 | E19: 20400 | F19: KG | G19: EMPTY | H19: OUTBOUND | I19: 20400 | J19: 46040 | K19: 215323 | L19: V275 14 Dec 2025 | M19: 46005 | N19: 97247 | O19: 98985 | P19: 23000 | Q19: LCT PERMATA 17 Voy 1216 ETD 23012026 | R19: 46045 | S19: REFILL NEW ISOTANK : | T19: =+S19&D19 -> REFILL NEW ISOTANK :DJEU0303718
A20: =N20 -> 97115 | B20: =TRIM(D20) -> DJEU0303791 | C20: DWI101IDR | D20: DJEU0303791 | E20: 20390 | F20: KG | G20: EMPTY | H20: OUTBOUND | I20: 20390 | J20: 46044 | K20: 215498 | L20: V275 14 Dec 2025 | M20: 46005 | N20: 97115 | P20: 23000 | Q20: LCT PERMATA 17 Voy 1216 ETD 23012026 | R20: 46045 | S20: REFILL NEW ISOTANK : | T20: =+S20&D20 -> REFILL NEW ISOTANK :DJEU0303791
A21: =N21 -> 97383 | B21: =TRIM(D21) -> NTTU1752711 | C21: DWI101IDR | D21: NTTU1752711 | E21: 21340 | F21: KG | G21: EMPTY | H21: OUTBOUND | I21: 21340 | J21: 46052 | K21: 215665 | L21: V276 23 Dec 2025 | M21: 46014 | N21: 97383 | O21: 98458 | P21: 23000 | Q21: LCT PERMATA 17 VOY 1217 ETD 03022026 | R21: 46056 | S21: REFILL NEW ISOTANK : | T21: =+S21&D21 -> REFILL NEW ISOTANK :NTTU1752711
A22: =N22 -> 97379 | B22: =TRIM(D22) -> DJEU0303765 | C22: DWI101IDR | D22: DJEU0303765 | E22: 21390 | F22: KG | G22: EMPTY | H22: OUTBOUND | I22: 21390 | J22: 46049 | K22: 215543 | L22: V276 23 Dec 2025 | M22: 46014 | N22: 97379 | O22: 98455 | P22: 23000 | Q22: LCT PERMATA 17 VOY 1217 ETD 03022026 | R22: 46056 | S22: REFILL NEW ISOTANK : | T22: =+S22&D22 -> REFILL NEW ISOTANK :DJEU0303765
A23: =N23 -> 97381 | B23: =TRIM(D23) -> NTTU1752795 | C23: DWI101IDR | D23: NTTU1752795 | E23: 21370 | F23: KG | G23: EMPTY | H23: OUTBOUND | I23: 21370 | J23: 46050 | K23: 215543 | L23: V276 23 Dec 2025 | M23: 46014 | N23: 97381 | O23: 98456 GR qty 21070 | P23: 23000 | Q23: LCT PERMATA 17 VOY 1217 ETD 03022026 | R23: 46056 | S23: REFILL NEW ISOTANK : | T23: =+S23&D23 -> REFILL NEW ISOTANK :NTTU1752795
A24: =N24 -> 97382 | B24: =TRIM(D24) -> DJEU0303750 | C24: DWI101IDR | D24: DJEU0303750 | E24: 21380 | F24: KG | G24: EMPTY | H24: OUTBOUND | I24: 21380 | J24: 46046 | K24: 215498 | L24: V276 23 Dec 2025 | M24: 46014 | N24: 97382 | O24: 98457 | P24: 23000 | Q24: LCT PERMATA 17 VOY 1217 ETD 03022026 | R24: 46056 | S24: REFILL NEW ISOTANK : | T24: =+S24&D24 -> REFILL NEW ISOTANK :DJEU0303750
A25: =N25 -> 97712 | B25: =D25 -> NTTU1752671 | C25: DWI101IDR | D25: NTTU1752671 | E25: 21400 | F25: KG | G25: EMPTY | H25: OUTBOUND | I25: 21400 | J25: 46060 | K25: 215860 | L25: V277 02 JAN 2026 | M25: 46024 | N25: 97712 | O25: 98987 | P25: 23000 | Q25: LCT PERMATA 17 : 1218 ETD 22-02-2026 | R25: 46075 | S25: REFILL NEW ISOTANK : | T25: =+S25&D25 -> REFILL NEW ISOTANK :NTTU1752671
A26: =N26 -> 97713 | B26: =D26 -> NTTU1752692 | C26: DWI101IDR | D26: NTTU1752692 | E26: 21420 | F26: KG | G26: EMPTY | H26: OUTBOUND | I26: 21420 | J26: 46060 | K26: 215877 | L26: V277 02 JAN 2026 | M26: 46024 | N26: 97713 | O26: 98988 | P26: 23000 | Q26: LCT PERMATA 17 : 1218 ETD 22-02-2026 | R26: 46075 | S26: REFILL NEW ISOTANK : | T26: =+S26&D26 -> REFILL NEW ISOTANK :NTTU1752692
A27: =TRIM(N27) -> 96653 | B27: =D27 -> SJIU2422633 | C27: ADI106IDR | D27: SJIU2422633 | E27: 28200 | F27: KG | G27: EMPTY | H27: OUTBOUND | I27: 27000 | J27: 45716 | K27: 216425 | L27: V278 17 JAN 2026 | M27: 46039 | N27: 96653 | O27: Additional Tank - tidak perlu di naikkan PR | P27: 23000 | Q27: LCT PERMATA 17 : 1218 ETD 22-02-2026 | R27: 46075 | S27: REFILL NEW ISOTANK : | T27: =+S27&D27 -> REFILL NEW ISOTANK :SJIU2422633
A28: =TRIM(N28) -> 96654 | B28: =D28 -> SJIU2422649 | C28: ADI106IDR | D28: SJIU2422649 | E28: 28200 | F28: KG | G28: EMPTY | H28: OUTBOUND | I28: 27000 | J28: 45716 | K28: 216425 | L28: V278 17 JAN 2026 | M28: 46039 | N28: 96654 | O28: Additional Tank - tidak perlu di naikkan PR | P28: 23000 | Q28: LCT PERMATA 17 : 1218 ETD 22-02-2026 | R28: 46075 | S28: REFILL NEW ISOTANK : | T28: =+S28&D28 -> REFILL NEW ISOTANK :SJIU2422649
A29: =TRIM(N29) -> 96657 | B29: =D29 -> SJIU2422660 | C29: ADI106IDR | D29: SJIU2422660 | E29: 28200 | F29: KG | G29: EMPTY | H29: OUTBOUND | I29: 27000 | J29: 45716 | K29: 216425 | L29: V278 17 JAN 2026 | M29: 46039 | N29: 96657 | O29: Additional Tank - tidak perlu di naikkan PR | P29: 23000 | Q29: LCT PERMATA 17 : 1218 ETD 22-02-2026 | R29: 46075 | S29: REFILL NEW ISOTANK : | T29: =+S29&D29 -> REFILL NEW ISOTANK :SJIU2422660
A30: =TRIM(N30) -> 97715 | B30: =D30 -> NTTU1752732 | C30: DWI101IDR | D30: NTTU1752732 | E30: 21260 | F30: KG | G30: EMPTY | H30: OUTBOUND | I30: 21260 | J30: 46066 | K30: 216014 | L30: V277 02 JAN 2026 | M30: 46024 | N30: 97715 | O30: Additional Tank - tidak perlu di naikkan PR | P30: 23000 | Q30: LCT P17 VOY 1220 ETD 18032026 | R30: 46099 | S30: REFILL NEW ISOTANK : | T30: =+S30&D30 -> REFILL NEW ISOTANK :NTTU1752732
A31: =TRIM(N31) -> 97576 | B31: =D31 -> DJEU0303641 | C31: DWI101IDR | D31: DJEU0303641 | E31: 20310 | F31: KG | G31: EMPTY | H31: OUTBOUND | I31: 20310 | J31: 46068 | K31: 216068 | L31: V278 17 JAN 2026 | M31: 46039 | N31: 97576 | O31: Additional Tank - tidak perlu di naikkan PR | P31: 23000 | Q31: LCT PERMATA 17 VOY 1219 ETD 10032026 | R31: 46091 | S31: REFILL NEW ISOTANK : | T31: =+S31&D31 -> REFILL NEW ISOTANK :DJEU0303641
A32: =TRIM(N32) -> 97716 | B32: =D32 -> DJEU0303889 | C32: DWI101IDR | D32: DJEU0303889 | E32: 21350 | F32: KG | G32: STOP REFILL | H32: VENDOR | I32: 21350 | J32: 16-24 Feb 2026 | K32: 216350 | L32: V277 02 JAN 2026 | M32: 46024 | N32: 97716 | O32: Additional Tank - tidak perlu di naikkan PR | P32: 23000 | Q32: LCT PERMATA 17 VOY 1219 ETD 10032026 | R32: 46091 | S32: REFILL NEW ISOTANK : | T32: =+S32&D32 -> REFILL NEW ISOTANK :DJEU0303889
A33: =TRIM(N33) -> 97717 | B33: =D33 -> DJEU0303894 | C33: DWI101IDR | D33: DJEU0303894 | E33: 21370 | F33: KG | G33: EMPTY | H33: OUTBOUND | I33: 21370 | J33: 16-24 Feb 2026 | K33: 216350 | L33: V277 02 JAN 2026 | M33: 46024 | N33: 97717 | O33: 99437 | P33: 23000 | Q33: LCT PERMATA 17 VOY 1219 ETD 10032026 | R33: 46091 | S33: REFILL NEW ISOTANK : | T33: =+S33&D33 -> REFILL NEW ISOTANK :DJEU0303894
A34: =TRIM(N34) -> 97663 | B34: =D34 -> DJEU0303786 | C34: DWI101IDR | D34: DJEU0303786 | E34: 21200 | F34: KG | G34: EMPTY | H34: OUTBOUND | I34: 21200 | J34: 16-24 Feb 2026 | K34: 216350 | L34: V279 30 JAN 2026 | M34: 46052 | N34: 97663 | O34: 99441 | P34: 23000 | Q34: LCT P17 VOY 1220 ETD 18032026 | R34: 46099 | S34: REFILL NEW ISOTANK : | T34: =+S34&D34 -> REFILL NEW ISOTANK :DJEU0303786
A35: =TRIM(N35) -> 96654 | B35: =D35 -> SJIU2422675 | C35: ADI106IDR | D35: SJIU2422675 | E35: 28200 | F35: KG | G35: EMPTY | H35: OUTBOUND | I35: 27000 | J35: 45716 | K35: 216425 | L35: V278 17 JAN 2026 | M35: 46039 | N35: 96654 | O35: Additional Tank - tidak perlu di naikkan PR | P35: 23000 | Q35: LCT PERMATA 17 VOY 1219 ETD 10032026 | R35: 46091 | S35: REFILL NEW ISOTANK : | T35: =+S35&D35 -> REFILL NEW ISOTANK :SJIU2422675
A36: =TRIM(N36) -> 96654 | B36: =D36 -> SJIU2422680 | C36: ADI106IDR | D36: SJIU2422680 | E36: 28200 | F36: KG | G36: EMPTY | H36: OUTBOUND | I36: 27000 | J36: 46087 | K36: 216561 | L36: V278 17 JAN 2026 | M36: 46039 | N36: 96654 | O36: Additional Tank - tidak perlu di naikkan PR | P36: 23000 | Q36: LCT PERMATA 17 VOY 1219 ETD 10032026 | R36: 46091 | S36: REFILL NEW ISOTANK : | T36: =+S36&D36 -> REFILL NEW ISOTANK :SJIU2422680
A37: =TRIM(N37) -> 97658 | B37: =D37 -> DJEU0303600 | C37: DWI101IDR | D37: DJEU0303600 | E37: 21390 | F37: KG | G37: STOP REFILL | H37: VENDOR | I37: 21390 | J37: 46087 | K37: 216561 | L37: V278 17 JAN 2026 | M37: 46039 | N37: 97658 | Q37: LCT P17 VOY 1221 ETD 03042026 | S37: REFILL NEW ISOTANK : | T37: =+S37&D37 -> REFILL NEW ISOTANK :DJEU0303600
A38: =TRIM(N38) -> 96093 | B38: =D38 -> SJIU2001260 | C38: ROL100IDR | D38: SJIU2001260 | E38: 20730 | F38: KG | G38: EMPTY | H38: OUTBOUND | I38: =E38 -> 20730 | J38: 46095 | K38: 216738 | L38: V279 30 JAN 2026 | M38: 46052 | N38: 96093 | O38: 99395 | P38: 23000 | Q38: LCT P17 VOY 1221 ETD 03042026 | R38: 46115 | S38: REFILL NEW ISOTANK : | T38: =+S38&D38 -> REFILL NEW ISOTANK :SJIU2001260
A39: =TRIM(N39) -> 97660 | B39: =D39 -> DJEU0303702 | C39: DWI101IDR | D39: DJEU0303702 | E39: 21580 | F39: KG | G39: EMPTY | H39: OUTBOUND | I39: =E39 -> 21580 | J39: 46089 | K39: 216617 | L39: V278 17 JAN 2026 | M39: 46039 | N39: 97660 | O39: 99404 | P39: 23000 | Q39: LCT P17 VOY 1221 ETD 03042026 | R39: 46115 | S39: REFILL NEW ISOTANK : | T39: =+S39&D39 -> REFILL NEW ISOTANK :DJEU0303702
A40: =TRIM(N40) -> 97662 | B40: =D40 -> NTTU1752780 | C40: DWI101IDR | D40: NTTU1752780 | E40: 21370 | F40: KG | G40: EMPTY | H40: OUTBOUND | I40: =E40 -> 21370 | J40: 46089 | K40: 216617 | L40: V278 17 JAN 2026 | M40: 46039 | N40: 97662 | O40: 99399 | P40: 23000 | Q40: LCT P17 VOY 1221 ETD 03042026 | R40: 46115 | S40: REFILL NEW ISOTANK : | T40: =+S40&D40 -> REFILL NEW ISOTANK :NTTU1752780
A41: =TRIM(N41) -> 96975 | B41: =D41 -> SJIU2221557 | C41: ROL100IDR | D41: SJIU2221557 | E41: 19460 | F41: KG | G41: EMPTY | H41: OUTBOUND | I41: =E41 -> 19460 | J41: 46110 | K41: 217109 | L41: V280 17 FEB 2026 | M41: 46070 | N41: 96975 | P41: 23000 | Q41: LCT P17 VOY 1221 ETD 03042026 | R41: 46115 | S41: REFILL NEW ISOTANK : | T41: =+S41&D41 -> REFILL NEW ISOTANK :SJIU2221557
A42: =TRIM(N42) -> 97839 | B42: =D42 -> SJIU2221726 | C42: ROL100IDR | D42: SJIU2221726 | E42: 20790 | F42: KG | G42: EMPTY | H42: OUTBOUND | I42: =E42 -> 20790 | J42: 46110 | K42: 217109 | L42: V280 17 FEB 2026 | M42: 46070 | N42: 97839 | O42: 99403 | P42: 23000 | Q42: LCT P17 VOY 1221 ETD 03042026 | R42: 46115 | S42: REFILL NEW ISOTANK : | T42: =+S42&D42 -> REFILL NEW ISOTANK :SJIU2221726
A43: =TRIM(N43) -> 97792 | B43: =D43 -> DJEU0303662 | C43: DWI101IDR | D43: DJEU0303662 | E43: 21360 | F43: KG | G43: EMPTY | H43: OUTBOUND | I43: =E43 -> 21360 | J43: 46100 | K43: 216934 | L43: V279 30 JAN 2026 | M43: 46052 | N43: 97792 | O43: 99400 | P43: 23000 | Q43: LCT P17 VOY 1221 ETD 03042026 | R43: 46115 | S43: REFILL NEW ISOTANK : | T43: =+S43&D43 -> REFILL NEW ISOTANK :DJEU0303662
A44: =TRIM(N44) -> 97843 | B44: =D44 -> NTTU1753723 | C44: ROL100IDR | D44: NTTU1753723 | E44: 20590 | F44: KG | G44: EMPTY | H44: OUTBOUND | I44: =E44 -> 20590 | J44: 46109 | K44: 217183 | L44: V280 17 FEB 2026 | M44: 46070 | N44: 97843 | O44: 99397 | P44: 23000 | Q44: LCT P17 VOY 1221 ETD 03042026 | R44: 46115 | S44: REFILL NEW ISOTANK : | T44: =+S44&D44 -> REFILL NEW ISOTANK :NTTU1753723
A45: =TRIM(N45) -> 95828 | B45: =D45 -> SJIU2322017 | C45: ROL100IDR | D45: SJIU2322017 | E45: 20720 | F45: KG | G45: EMPTY | H45: OUTBOUND | I45: =E45 -> 20720 | J45: 46101 | K45: 216934 | L45: V279 30 JAN 2026 | M45: 46052 | N45: 95828 | O45: 99401 | P45: 23000 | Q45: LCT P17 VOY 1221 ETD 03042026 | R45: 46115 | S45: REFILL NEW ISOTANK : | T45: =+S45&D45 -> REFILL NEW ISOTANK :SJIU2322017
A46: =TRIM(N46) -> 97661 | B46: =D46 -> NTTU1752753 | C46: DWI101IDR | D46: NTTU1752753 | E46: 21400 | F46: KG | G46: EMPTY | H46: OUTBOUND | I46: 21400 | J46: 46087 | K46: 216561 | L46: V278 17 JAN 2026 | M46: 46039 | N46: 97661 | O46: 99440 | P46: 23000 | Q46: LCT P17 VOY 1220 ETD 18032026 | R46: 46099 | S46: REFILL NEW ISOTANK : | T46: =+S46&D46 -> REFILL NEW ISOTANK :NTTU1752753
A47: =TRIM(N47) -> 97577 | B47: =D47 -> NTTU1752687 | C47: DWI101IDR | D47: NTTU1752687 | E47: 20330 | F47: KG | G47: EMPTY | H47: OUTBOUND | I47: =E47 -> 20330 | J47: 46095 | K47: 216738 | L47: V278 17 JAN 2026 | M47: 46039 | N47: 97577 | O47: 99438 | P47: 23000 | Q47: LCT P17 VOY 1220 ETD 18032026 | R47: 46099 | S47: REFILL NEW ISOTANK : | T47: =+S47&D47 -> REFILL NEW ISOTANK :NTTU1752687
A48: =TRIM(N48) -> 97664 | B48: =D48 -> DJEU0303770 | C48: DWI101IDR | D48: DJEU0303770 | E48: 21520 | F48: KG | G48: EMPTY | H48: OUTBOUND | I48: 21520 | J48: 45731 | K48: 216780 | L48: V279 30 JAN 2026 | M48: 46052 | N48: 97664 | O48: 99442 | P48: 23000 | Q48: LCT P17 VOY 1220 ETD 18032026 | R48: 46099 | S48: REFILL NEW ISOTANK : | T48: =+S48&D48 -> REFILL NEW ISOTANK :DJEU0303770
A49: =TRIM(N49) -> 97659 | B49: =D49 -> DJEU0303739 | C49: DWI101IDR | D49: DJEU0303739 | E49: 21290 | F49: KG | G49: EMPTY | H49: OUTBOUND | I49: =E49 -> 21290 | J49: 46097 | K49: 216934 | L49: V278 17 JAN 2026 | M49: 46039 | N49: 97659 | O49: 99439 | P49: 23000 | Q49: LCT P17 VOY 1220 ETD 18032026 | R49: 46099 | S49: REFILL NEW ISOTANK : | T49: =+S49&D49 -> REFILL NEW ISOTANK :DJEU0303739
A50: =TRIM(N50) -> 97378 | B50: =D50 -> DJEU0303615 | C50: DWI101IDR | D50: DJEU0303615 | E50: 21260 | F50: KG | G50: STOP REFILL | H50: VENDOR | I50: 21260 | J50: 46059 | K50: 215860 | L50: V277 02 JAN 2026 | M50: 46024 | N50: 97378 | P50: 23000 | Q50: LCT P17 VOY 1220 ETD 18032026 | R50: 46099 | S50: REFILL NEW ISOTANK : | T50: =+S50&D50 -> REFILL NEW ISOTANK :DJEU0303615
A51: =TRIM(N51) -> 97377 | B51: =D51 -> DJEU0303873 | C51: DWI101IDR | D51: DJEU0303873 | E51: 21390 | F51: KG | G51: EMPTY | H51: OUTBOUND | I51: 21390 | J51: 46053 | K51: 215665 | L51: V276 23 Dec 2025 | M51: 46014 | N51: 97377 | O51: 99435 | P51: 23000 | Q51: LCT P17 VOY 1220 ETD 18032026 | R51: 46099 | S51: REFILL NEW ISOTANK : | T51: =+S51&D51 -> REFILL NEW ISOTANK :DJEU0303873
A52: =TRIM(N52) -> 97380 | B52: =D52 -> NTTU1752727 | C52: DWI101IDR | D52: NTTU1752727 | E52: 21390 | F52: KG | G52: EMPTY | H52: OUTBOUND | I52: 21390 | J52: 46066 | K52: 216014 | L52: V276 23 Dec 2025 | M52: 46014 | N52: 97380 | O52: 99436 | P52: 23000 | Q52: LCT P17 VOY 1220 ETD 18032026 | R52: 46099 | S52: REFILL NEW ISOTANK : | T52: =+S52&D52 -> REFILL NEW ISOTANK :NTTU1752727
A53: =TRIM(N53) -> 95826 | B53: =D53 -> SJIU2322038 | C53: ROL100IDR | D53: SJIU2322038 | E53: 20410 | F53: KG | G53: EMPTY | H53: OUTBOUND | I53: =E53 -> 20410 | J53: 46098 | K53: 216934 | L53: V279 30 JAN 2026 | M53: 46052 | N53: 95826 | O53: 99443 | P53: 23000 | Q53: LCT P17 VOY 1220 ETD 18032026 | R53: 46099 | S53: REFILL NEW ISOTANK : | T53: =+S53&D53 -> REFILL NEW ISOTANK :SJIU2322038
A54: =TRIM(N54) -> 97838 | B54: =D54 -> SJIU2322022 | C54: ROL100IDR | D54: SJIU2322022 | E54: 20810 | F54: KG | G54: EMPTY | H54: OUTBOUND | I54: =E54 -> 20810 | J54: 46112 | K54: 217354 | L54: V280 17 FEB 2026 | M54: 46070 | N54: 97838 | O54: 99396 | P54: 23000 | Q54: LCT P17 VOY 1221 ETD 03042026 | R54: 46115 | S54: REFILL NEW ISOTANK : | T54: =+S54&D54 -> REFILL NEW ISOTANK :SJIU2322022
A55: =TRIM(N55) -> 97793 | B55: =D55 -> DJEU0303868 | C55: DWI101IDR | D55: DJEU0303868 | E55: 21330 | F55: KG | G55: EMPTY | H55: OUTBOUND | I55: =E55 -> 21330 | J55: 46099 | K55: 216934 | L55: V279 30 JAN 2026 | M55: 46052 | N55: 97793 | O55: 99615 | P55: 23000 | Q55: LCT PERMATA 17 : 1222 ETD WETAR 150426 | R55: 46127 | S55: REFILL NEW ISOTANK : | T55: =+S55&D55 -> REFILL NEW ISOTANK :DJEU0303868
A56: =TRIM(N56) -> 97840 | B56: =D56 -> SJIU2322090 | C56: ROL100IDR | D56: SJIU2322090 | E56: 20690 | F56: KG | G56: EMPTY | H56: OUTBOUND | I56: =E56 -> 20690 | J56: 46112 | K56: 217354 | L56: V280 17 FEB 2026 | M56: 46070 | N56: 97840 | O56: 99616 | P56: 23000 | Q56: LCT PERMATA 17 : 1222 ETD WETAR 150426 | R56: 46127 | S56: REFILL NEW ISOTANK : | T56: =+S56&D56 -> REFILL NEW ISOTANK :SJIU2322090
A57: =TRIM(N57) -> 97791 | B57: =D57 -> DJEU0303805 | C57: DWI101IDR | D57: DJEU0303805 | E57: 21480 | F57: KG | G57: INSTAL | H57: OUTBOUND | I57: =E57 -> 21480 | J57: 46110 | K57: 217109 | L57: V279 30 JAN 2026 | M57: 46052 | N57: 97791 | O57: 99623 | P57: 23000 | Q57: LCT PERMATA 17 : 1222 ETD WETAR 150426 | R57: 46127 | S57: REFILL NEW ISOTANK : | T57: =+S57&D57 -> REFILL NEW ISOTANK :DJEU0303805
A58: =TRIM(N58) -> 98321 | B58: =D58 -> DJEU0303908 | C58: DWI101IDR | D58: DJEU0303908 | E58: 21310 | F58: KG | G58: EMPTY | H58: OUTBOUND | I58: =E58 -> 21310 | J58: 46110 | K58: 217109 | L58: V281 03 Mar 2026 | M58: 46084 | N58: 98321 | O58: 99624 | P58: 23000 | Q58: LCT PERMATA 17 : 1222 ETD WETAR 150426 | R58: 46127 | S58: REFILL NEW ISOTANK : | T58: =+S58&D58 -> REFILL NEW ISOTANK :DJEU0303908
A59: =TRIM(N59) -> 97794 | B59: =D59 -> DJEU0303852 | C59: DWI101IDR | D59: DJEU0303852 | E59: 21390 | F59: KG | G59: STOP REFILL | H59: VENDOR | I59: =E59 -> 21390 | J59: 46106 | K59: 217183 | L59: V279 30 JAN 2026 | M59: 46052 | N59: 97794 | P59: 23000 | Q59: LCT PERMATA 17 : 1222 ETD WETAR 150426 | R59: 46127 | S59: REFILL NEW ISOTANK : | T59: =+S59&D59 -> REFILL NEW ISOTANK :DJEU0303852
A60: =TRIM(N60) -> 97841 | B60: =D60 -> NTTU1753699 | C60: ROL100IDR | D60: NTTU1753699 | E60: 20720 | F60: KG | G60: EMPTY | H60: OUTBOUND | I60: =E60 -> 20720 | J60: 46119 | K60: 217389 | L60: V280 17 FEB 2026 | M60: 46070 | N60: 97841 | O60: 99617 | P60: 23000 | Q60: LCT PERMATA 17 : 1222 ETD WETAR 150426 | R60: 46127 | S60: REFILL NEW ISOTANK : | T60: =+S60&D60 -> REFILL NEW ISOTANK :NTTU1753699
A61: =TRIM(N61) -> 97121 | B61: =D61 -> SJIU2322001 | C61: ROL100IDR | D61: SJIU2322001 | E61: 19610 | F61: KG | G61: STOP REFILL | H61: VENDOR | I61: =E61 -> 19610 | J61: 46119 | K61: 217515 | L61: V280 17 FEB 2026 | M61: 46070 | N61: 97121 | P61: 23000 | Q61: LCT PERMATA 17 : 1222 ETD WETAR 150426 | R61: 46127 | S61: REFILL NEW ISOTANK : | T61: =+S61&D61 -> REFILL NEW ISOTANK :SJIU2322001
A62: =TRIM(N62) -> 97112 | B62: =D62 -> SJIU2221541 | C62: ROL100IDR | D62: SJIU2221541 | E62: 19360 | F62: KG | G62: EMPTY | H62: OUTBOUND | I62: =E62 -> 19360 | J62: 46124 | K62: 217592 | L62: V280 17 FEB 2026 | M62: 46070 | N62: 97112 | O62: 99619 | P62: 23000 | Q62: LCT PERMATA 17 : 1222 ETD WETAR 150426 | R62: 46127 | S62: REFILL NEW ISOTANK : | T62: =+S62&D62 -> REFILL NEW ISOTANK :SJIU2221541
A63: =TRIM(N63) -> 96522 | B63: =D63 -> SJIU2221710 | C63: ROL100IDR | D63: SJIU2221710 | E63: 19460 | F63: KG | G63: EMPTY | H63: OUTBOUND | I63: =E63 -> 19460 | J63: 46124 | K63: 217592 | L63: V280 17 FEB 2026 | M63: 46070 | N63: 96522 | O63: 99620 | P63: 23000 | Q63: LCT PERMATA 17 : 1222 ETD WETAR 150426 | R63: 46127 | S63: REFILL NEW ISOTANK : | T63: =+S63&D63 -> REFILL NEW ISOTANK :SJIU2221710
A64: =TRIM(N64) -> 97117 | B64: =D64 -> SJIU2221536 | C64: ROL100IDR | D64: SJIU2221536 | E64: 20070 | F64: KG | G64: EMPTY | H64: OUTBOUND | I64: =E64 -> 20070 | J64: 46128 | K64: 217710 | L64: V280 17 FEB 2026 | M64: 46070 | N64: 97117 | O64: 99622 | P64: 23000 | Q64: LCT PERMATA 17 : 1222 ETD WETAR 150426 | R64: 46127 | S64: REFILL NEW ISOTANK : | T64: =+S64&D64 -> REFILL NEW ISOTANK :SJIU2221536
A65: =TRIM(N65) -> 97842 | B65: =D65 -> SJIU2221691 | C65: ROL100IDR | D65: SJIU2221691 | E65: 20740 | F65: KG | G65: EMPTY | H65: OUTBOUND | I65: =E65 -> 20740 | J65: 46128 | K65: 217710 | L65: V280 17 FEB 2026 | M65: 46070 | N65: 97842 | O65: 99614 | P65: 23000 | Q65: LCT PERMATA 17 : 1222 ETD WETAR 150426 | R65: 46127 | S65: REFILL NEW ISOTANK : | T65: =+S65&D65 -> REFILL NEW ISOTANK :SJIU2221691
A66: =TRIM(N66) -> 98326 | B66: =D66 -> DJEU0303699 | C66: DWI101IDR | D66: DJEU0303699 | E66: 21350 | F66: KG | G66: EMPTY | H66: OUTBOUND | I66: =E66 -> 21350 | J66: 46111 | K66: 217183 | L66: V281 03 Mar 2026 | M66: 46084 | N66: 98326 | O66: 100382 | P66: 23000 | Q66: =VLOOKUP(B66,'REKAP ACID TO PR'!A:G,7,FALSE) -> LCT PERMATA 17 VOY 1223 ETD 09052026 | R66: 46151 | S66: REFILL NEW ISOTANK : | T66: =+S66&D66 -> REFILL NEW ISOTANK :DJEU0303699
A67: =TRIM(N67) -> 97119 | B67: =D67 -> SJIU2221705 | C67: ROL100IDR | D67: SJIU2221705 | E67: 20120 | F67: KG | G67: EMPTY | H67: OUTBOUND | I67: =E67 -> 20120 | J67: 46128 | K67: 217710 | L67: V280 17 FEB 2026 | M67: 46070 | N67: 97119 | O67: =VLOOKUP(B67,'REKAP ACID TO PR'!A:D,4,FALSE) -> 99998 | P67: 23000 | Q67: =VLOOKUP(B67,'REKAP ACID TO PR'!A:G,7,FALSE) -> LCT PERMATA 17 VOY 1223 ETD 09052026 | R67: 46151 | S67: REFILL NEW ISOTANK : | T67: =+S67&D67 -> REFILL NEW ISOTANK :SJIU2221705
A68: =TRIM(N68) -> 98455 | B68: =D68 -> DJEU0303765 | C68: DWI101IDR | D68: DJEU0303765 | E68: 21500 | F68: KG | G68: EMPTY | H68: OUTBOUND | I68: =E68 -> 21500 | J68: 46119 | K68: 217515 | L68: V282 18 Mar 2026 | M68: 45734 | N68: 98455 | O68: 100011 | P68: 23000 | Q68: =VLOOKUP(B68,'REKAP ACID TO PR'!A:G,7,FALSE) -> LCT PERMATA 17 VOY 1223 ETD 09052026 | R68: 46151 | S68: REFILL NEW ISOTANK : | T68: =+S68&D68 -> REFILL NEW ISOTANK :DJEU0303765
A69: =TRIM(N69) -> 98324 | B69: =D69 -> NTTU1752748 | C69: DWI101IDR | D69: NTTU1752748 | E69: 21360 | F69: KG | G69: EMPTY | H69: OUTBOUND | I69: =E69 -> 21360 | J69: 46112 | K69: 217183 | L69: V281 03 Mar 2026 | M69: 46084 | N69: 98324 | O69: 100008 | P69: 23000 | Q69: =VLOOKUP(B69,'REKAP ACID TO PR'!A:G,7,FALSE) -> LCT PERMATA 17 VOY 1223 ETD 09052026 | R69: 46151 | S69: REFILL NEW ISOTANK : | T69: =+S69&D69 -> REFILL NEW ISOTANK :NTTU1752748
A70: =TRIM(N70) -> 98131 | B70: =D70 -> NTTU1753765 | C70: ROL100IDR | D70: NTTU1753765 | E70: 20410 | F70: KG | G70: EMPTY | H70: OUTBOUND | I70: =E70 -> 20410 | J70: 46131 | K70: 217822 | L70: V281 03 Mar 2026 | M70: 46084 | N70: 98131 | O70: =VLOOKUP(B70,'REKAP ACID TO PR'!A:D,4,FALSE) -> 100001 | P70: 23000 | Q70: =VLOOKUP(B70,'REKAP ACID TO PR'!A:G,7,FALSE) -> LCT PERMATA 17 VOY 1223 ETD 09052026 | R70: 46151 | S70: REFILL NEW ISOTANK : | T70: =+S70&D70 -> REFILL NEW ISOTANK :NTTU1753765
A71: =TRIM(N71) -> 98129 | B71: =D71 -> SJIU2322064 | C71: ROL100IDR | D71: SJIU2322064 | E71: 20470 | F71: KG | G71: EMPTY | H71: OUTBOUND | I71: =E71 -> 20470 | J71: 46130 | K71: 217822 | L71: V281 03 Mar 2026 | M71: 46084 | N71: 98129 | O71: =VLOOKUP(B71,'REKAP ACID TO PR'!A:D,4,FALSE) -> 100003 | P71: 23000 | Q71: =VLOOKUP(B71,'REKAP ACID TO PR'!A:G,7,FALSE) -> LCT PERMATA 17 VOY 1223 ETD 09052026 | R71: 46151 | S71: REFILL NEW ISOTANK : | T71: =+S71&D71 -> REFILL NEW ISOTANK :SJIU2322064
A72: =TRIM(N72) -> 96523 | B72: =D72 -> SJIU2221578 | C72: ROL100IDR | D72: SJIU2221578 | E72: 19410 | F72: KG | G72: EMPTY | H72: OUTBOUND | I72: =E72 -> 19410 | J72: 46128 | K72: 217822 | L72: V280 17 FEB 2026 | M72: 46070 | N72: 96523 | O72: =VLOOKUP(B72,'REKAP ACID TO PR'!A:D,4,FALSE) -> 99997 | P72: 23000 | Q72: =VLOOKUP(B72,'REKAP ACID TO PR'!A:G,7,FALSE) -> LCT PERMATA 17 VOY 1223 ETD 09052026 | R72: 46151 | S72: REFILL NEW ISOTANK : | T72: =+S72&D72 -> REFILL NEW ISOTANK :SJIU2221578
A73: =TRIM(N73) -> 98130 | B73: =D73 -> SJIU2322059 | C73: ROL100IDR | D73: SJIU2322059 | E73: 20470 | F73: KG | G73: EMPTY | H73: OUTBOUND | I73: =E73 -> 20470 | J73: 46132 | K73: 217941 | L73: V281 03 Mar 2026 | M73: 46084 | N73: 98130 | O73: =VLOOKUP(B73,'REKAP ACID TO PR'!A:D,4,FALSE) -> 100002 | P73: 23000 | Q73: =VLOOKUP(B73,'REKAP ACID TO PR'!A:G,7,FALSE) -> LCT PERMATA 17 VOY 1223 ETD 09052026 | R73: 46151 | S73: REFILL NEW ISOTANK : | T73: =+S73&D73 -> REFILL NEW ISOTANK :SJIU2322059
A74: =TRIM(N74) -> 98456 | B74: =D74 -> NTTU1752795 | C74: DWI101IDR | D74: NTTU1752795 | E74: 21070 | F74: KG | G74: EMPTY | H74: OUTBOUND | I74: =E74 -> 21070 | J74: 46134 | K74: 217941 | L74: V282 18 Mar 2026 | M74: 45734 | N74: 98456 | O74: 100382 | P74: 23000 | Q74: =VLOOKUP(B74,'REKAP ACID TO PR'!A:G,7,FALSE) -> LCT PERMATA 17 VOY 1223 ETD 09052026 | R74: 46151 | S74: REFILL NEW ISOTANK : | T74: =+S74&D74 -> REFILL NEW ISOTANK :NTTU1752795
A75: =TRIM(N75) -> 98322 | B75: =D75 -> SJIU2001275 | C75: ROL100IDR | D75: SJIU2001275 | E75: 20850 | F75: KG | G75: EMPTY | H75: OUTBOUND | I75: =E75 -> 20850 | J75: 46135 | K75: 218436 | L75: V281 03 Mar 2026 | M75: 46084 | N75: 98322 | O75: =VLOOKUP(B75,'REKAP ACID TO PR'!A:D,4,FALSE) -> 100004 | P75: 23000 | Q75: =VLOOKUP(B75,'REKAP ACID TO PR'!A:G,7,FALSE) -> LCT PERMATA 17 VOY 1223 ETD 09052026 | R75: 46151 | S75: REFILL NEW ISOTANK : | T75: =+S75&D75 -> REFILL NEW ISOTANK :SJIU2001275
A76: =TRIM(N76) -> 98128 | B76: =D76 -> DJEU0303913 | C76: DWI101IDR | D76: DJEU0303913 | E76: 21220 | F76: KG | G76: EMPTY | H76: OUTBOUND | I76: =E76 -> 21220 | J76: 46138 | K76: 218037 | L76: V281 03 Mar 2026 | M76: 46084 | N76: 98128 | O76: =VLOOKUP(B76,'REKAP ACID TO PR'!A:D,4,FALSE) -> 100007 | P76: 23000 | Q76: =VLOOKUP(B76,'REKAP ACID TO PR'!A:G,7,FALSE) -> LCT PERMATA 17 VOY 1223 ETD 09052026 | R76: 46151 | S76: REFILL NEW ISOTANK : | T76: =+S76&D76 -> REFILL NEW ISOTANK :DJEU0303913
A77: =TRIM(N77) -> 97844 | B77: =D77 -> NTTU1753750 | C77: ROL100IDR | D77: NTTU1753750 | E77: 20600 | F77: KG | G77: EMPTY | H77: OUTBOUND | I77: =E77 -> 20600 | K77: 218599 | L77: V281 03 Mar 2026 | M77: 46084 | N77: 97844 | O77: =VLOOKUP(B77,'REKAP ACID TO PR'!A:D,4,FALSE) -> 99999 | P77: 23000 | Q77: =VLOOKUP(B77,'REKAP ACID TO PR'!A:G,7,FALSE) -> LCT PERMATA 17 VOY 1223 ETD 09052026 | R77: 46151 | S77: REFILL NEW ISOTANK : | T77: =+S77&D77 -> REFILL NEW ISOTANK :NTTU1753750
A78: =TRIM(N78) -> 97845 | B78: =D78 -> SJIU2322043 | C78: ROL100IDR | D78: SJIU2322043 | E78: 20670 | F78: KG | G78: EMPTY | H78: OUTBOUND | I78: =E78 -> 20670 | K78: 218599 | L78: V281 03 Mar 2026 | M78: 46084 | N78: 97845 | O78: =VLOOKUP(B78,'REKAP ACID TO PR'!A:D,4,FALSE) -> 100000 | P78: 23000 | Q78: =VLOOKUP(B78,'REKAP ACID TO PR'!A:G,7,FALSE) -> LCT PERMATA 17 VOY 1223 ETD 09052026 | R78: 46151 | S78: REFILL NEW ISOTANK : | T78: =+S78&D78 -> REFILL NEW ISOTANK :SJIU2322043
A79: =TRIM(N79) -> 98127 | B79: =D79 -> DJEU0303929 | C79: DWI101IDR | D79: DJEU0303929 | E79: 21310 | F79: KG | G79: EMPTY | H79: OUTBOUND | I79: =E79 -> 21310 | K79: 218436 | L79: V281 03 Mar 2026 | M79: 46084 | N79: 98127 | O79: =VLOOKUP(B79,'REKAP ACID TO PR'!A:D,4,FALSE) -> 100006 | P79: 23000 | Q79: =VLOOKUP(B79,'REKAP ACID TO PR'!A:G,7,FALSE) -> LCT PERMATA 17 VOY 1223 ETD 09052026 | R79: 46151 | S79: REFILL NEW ISOTANK : | T79: =+S79&D79 -> REFILL NEW ISOTANK :DJEU0303929
A80: =TRIM(N80) -> 98323 | B80: =D80 -> SJIU2322085 | C80: ROL100IDR | D80: SJIU2322085 | E80: 20720 | F80: KG | G80: EMPTY | H80: OUTBOUND | I80: =E80 -> 20720 | K80: 218436 | L80: V281 03 Mar 2026 | M80: 46084 | N80: 98323 | O80: =VLOOKUP(B80,'REKAP ACID TO PR'!A:D,4,FALSE) -> 100005 | P80: 23000 | Q80: =VLOOKUP(B80,'REKAP ACID TO PR'!A:G,7,FALSE) -> LCT PERMATA 17 VOY 1223 ETD 09052026 | R80: 46151 | S80: REFILL NEW ISOTANK : | T80: =+S80&D80 -> REFILL NEW ISOTANK :SJIU2322085
A81: =TRIM(N81) -> 98328 | B81: =D81 -> DJEU0303791 | C81: DWI101IDR | D81: DJEU0303791 | E81: 22040 | F81: KG | G81: EMPTY | H81: OUTBOUND | I81: =E81 -> 22040 | K81: 218142 | L81: V281 03 Mar 2026 | M81: 46084 | N81: 98328 | O81: =VLOOKUP(B81,'REKAP ACID TO PR'!A:D,4,FALSE) -> 100010 | P81: 23000 | Q81: =VLOOKUP(B81,'REKAP ACID TO PR'!A:G,7,FALSE) -> LCT PERMATA 17 VOY 1223 ETD 09052026 | R81: 46151 | S81: REFILL NEW ISOTANK : | T81: =+S81&D81 -> REFILL NEW ISOTANK :DJEU0303791
A82: =TRIM(N82) -> 98986 | B82: =D82 -> DJEU0303826 | C82: DWI101IDR | D82: DJEU0303826 | E82: 21360 | F82: KG | G82: EMPTY | H82: OUTBOUND | I82: =E82 -> 21360 | K82: 218599 | L82: V283 02 Apr 2026 | M82: 46114 | N82: 98986 | O82: =VLOOKUP(B82,'REKAP ACID TO PR'!A:D,4,FALSE) -> 100385 | P82: 23000 | Q82: =VLOOKUP(B82,'REKAP ACID TO PR'!A:G,7,FALSE) -> LCT PERMATA 17 VOY 1224 ETD 21052026 | R82: 46163 | S82: REFILL NEW ISOTANK : | T82: =+S82&D82 -> REFILL NEW ISOTANK :DJEU0303826
A83: =TRIM(N83) -> 98457 | B83: =D83 -> DJEU0303810 | C83: DWI101IDR | D83: DJEU0303810 | E83: 21330 | F83: KG | G83: EMPTY | H83: OUTBOUND | I83: =E83 -> 21330 | J83: 46119 | K83: 217389 | L83: V282 18 Mar 2026 | M83: 45734 | N83: 98457 | O83: =VLOOKUP(B83,'REKAP ACID TO PR'!A:D,4,FALSE) -> 100383 | P83: 23000 | Q83: =VLOOKUP(B83,'REKAP ACID TO PR'!A:G,7,FALSE) -> LCT PERMATA 17 VOY 1224 ETD 21052026 | R83: 46163 | S83: REFILL NEW ISOTANK : | T83: =+S83&D83 -> REFILL NEW ISOTANK :DJEU0303810
A84: =TRIM(N84) -> 98987 | B84: =D84 -> NTTU1752671 | C84: DWI101IDR | D84: NTTU1752671 | E84: 21040 | F84: KG | G84: EMPTY | H84: OUTBOUND | I84: =E84 -> 21040 | K84: 218599 | L84: V283 02 Apr 2026 | M84: 46114 | N84: 98987 | O84: =VLOOKUP(B84,'REKAP ACID TO PR'!A:D,4,FALSE) -> 100386 | P84: 23000 | Q84: =VLOOKUP(B84,'REKAP ACID TO PR'!A:G,7,FALSE) -> LCT PERMATA 17 VOY 1224 ETD 21052026 | R84: 46163 | S84: REFILL NEW ISOTANK : | T84: =+S84&D84 -> REFILL NEW ISOTANK :NTTU1752671
A85: =TRIM(N85) -> 98988 | B85: =D85 -> NTTU1752692 | C85: DWI101IDR | D85: NTTU1752692 | E85: 21390 | F85: KG | G85: EMPTY | H85: OUTBOUND | I85: =E85 -> 21390 | K85: 218599 | L85: V283 02 Apr 2026 | M85: 46114 | N85: 98988 | O85: =VLOOKUP(B85,'REKAP ACID TO PR'!A:D,4,FALSE) -> 100387 | P85: 23000 | Q85: =VLOOKUP(B85,'REKAP ACID TO PR'!A:G,7,FALSE) -> LCT PERMATA 17 VOY 1224 ETD 21052026 | R85: 46163 | S85: REFILL NEW ISOTANK : | T85: =+S85&D85 -> REFILL NEW ISOTANK :NTTU1752692
A86: =TRIM(N86) -> 99674 | B86: =D86 -> DJEU0303636 | C86: DWI101IDR | D86: DJEU0303636 | E86: 22010 | F86: KG | G86: EMPTY | H86: OUTBOUND | I86: =E86 -> 22010 | K86: 218599 | L86: V283 02 Apr 2026 | M86: 46114 | N86: 99674 | O86: =VLOOKUP(B86,'REKAP ACID TO PR'!A:D,4,FALSE) -> 100388 | P86: 23000 | Q86: =VLOOKUP(B86,'REKAP ACID TO PR'!A:G,7,FALSE) -> LCT PERMATA 17 VOY 1224 ETD 21052026 | R86: 46163 | S86: REFILL NEW ISOTANK : | T86: =+S86&D86 -> REFILL NEW ISOTANK :DJEU0303636
A87: =TRIM(N87) -> 98985 | B87: =D87 -> DJEU0303718 | C87: DWI101IDR | D87: DJEU0303718 | E87: 21400 | F87: KG | G87: EMPTY | H87: OUTBOUND | I87: =E87 -> 21400 | K87: 218599 | L87: V283 02 Apr 2026 | M87: 46114 | N87: 98985 | O87: =VLOOKUP(B87,'REKAP ACID TO PR'!A:D,4,FALSE) -> 100389 | P87: 23000 | Q87: =VLOOKUP(B87,'REKAP ACID TO PR'!A:G,7,FALSE) -> LCT PERMATA 17 VOY 1224 ETD 21052026 | R87: 46163 | S87: REFILL NEW ISOTANK : | T87: =+S87&D87 -> REFILL NEW ISOTANK :DJEU0303718
A88: =TRIM(N88) -> 99442 | B88: =D88 -> DJEU0303770 | C88: =VLOOKUP(B88,[1]Sheet1!$A:$G,7,) -> DWI101IDR | D88: DJEU0303770 | E88: 21580 | F88: KG | G88: EMPTY | H88: OUTBOUND | I88: =E88 -> 21580 | J88: 46160 | K88: 218799 | L88: V285 7 April 2026 | M88: 46149 | N88: 99442 | O88: =VLOOKUP(B88,'REKAP ACID TO PR'!A:D,4,FALSE) -> 100390 | P88: 23000 | Q88: =VLOOKUP(B88,'REKAP ACID TO PR'!A:G,7,FALSE) -> LCT PERMATA 17 VOY 1224 ETD 21052026 | R88: 46163 | S88: REFILL NEW ISOTANK : | T88: =+S88&D88 -> REFILL NEW ISOTANK :DJEU0303770
A89: =TRIM(N89) -> 99398 | B89: =D89 -> DJEU0303641 | C89: =VLOOKUP(B89,[1]Sheet1!$A:$G,7,) -> DWI101IDR | D89: DJEU0303641 | E89: 21290 | F89: KG | G89: EMPTY | H89: OUTBOUND | I89: =E89 -> 21290 | K89: 218599 | L89: V285 7 April 2026 | M89: 46149 | N89: 99398 | O89: =VLOOKUP(B89,'REKAP ACID TO PR'!A:D,4,FALSE) -> 100391 | P89: 23000 | Q89: =VLOOKUP(B89,'REKAP ACID TO PR'!A:G,7,FALSE) -> LCT PERMATA 17 VOY 1224 ETD 21052026 | R89: 46163 | S89: REFILL NEW ISOTANK : | T89: =+S89&D89 -> REFILL NEW ISOTANK :DJEU0303641
A90: =TRIM(N90) -> 99402 | B90: =D90 -> NTTU1753702 | C90: =VLOOKUP(B90,[1]Sheet1!$A:$G,7,) -> ROL100IDR | D90: NTTU1753702 | E90: 20260 | F90: KG | G90: EMPTY | H90: OUTBOUND | I90: =E90 -> 20260 | K90: 218599 | L90: V285 7 April 2026 | M90: 46149 | N90: 99402 | O90: =VLOOKUP(B90,'REKAP ACID TO PR'!A:D,4,FALSE) -> 100288 | P90: 23000 | Q90: =VLOOKUP(B90,'REKAP ACID TO PR'!A:G,7,FALSE) -> LCT PERMATA 17 VOY 1224 ETD 21052026 | R90: 46163 | S90: REFILL NEW ISOTANK : | T90: =+S90&D90 -> REFILL NEW ISOTANK :NTTU1753702
A91: =TRIM(N91) -> 98458 | B91: =D91 -> NTTU1752711 | C91: DWI101IDR | D91: NTTU1752711 | E91: 21220 | F91: KG | G91: EMPTY | H91: OUTBOUND | I91: =E91 -> 21220 | J91: 46112 | K91: 217354 | L91: V282 18 Mar 2026 | M91: 45734 | N91: 98458 | O91: =VLOOKUP(B91,'REKAP ACID TO PR'!A:D,4,FALSE) -> 100384 | P91: 23000 | Q91: =VLOOKUP(B91,'REKAP ACID TO PR'!A:G,7,FALSE) -> LCT PERMATA 17 VOY 1224 ETD 21052026 | R91: 46163 | S91: REFILL NEW ISOTANK : | T91: =+S91&D91 -> REFILL NEW ISOTANK :NTTU1752711
A92: =TRIM(N92) -> 99443 | B92: =TRIM(D92) -> SJIU2322038 | C92: =VLOOKUP(B92,[1]Sheet1!$A:$G,7,) -> ROL100IDR | D92: SJIU2322038 | E92: 20240 | F92: KG | G92: EMPTY | H92: OUTBOUND | I92: =E92 -> 20240 | K92: 218599 | L92: V285 7 April 2026 | M92: 46149 | N92: 99443 | O92: =VLOOKUP(B92,'REKAP ACID TO PR'!A:D,4,FALSE) -> 100289 | P92: 23000 | Q92: =VLOOKUP(B92,'REKAP ACID TO PR'!A:G,7,FALSE) -> LCT PERMATA 17 VOY 1224 ETD 21052026 | R92: 46163 | S92: REFILL NEW ISOTANK : | T92: =+S92&D92 -> REFILL NEW ISOTANK :SJIU2322038
A93: =TRIM(N93) -> 99396 | B93: =TRIM(D93) -> SJIU2322022 | C93: =VLOOKUP(B93,[1]Sheet1!$A:$G,7,) -> ROL100IDR | D93: SJIU2322022 | E93: 20300 | F93: KG | G93: EMPTY | H93: OUTBOUND | I93: =E93 -> 20300 | K93: 218599 | L93: V285 7 April 2026 | M93: 46149 | N93: 99396 | O93: 100291 | P93: 23000 | Q93: LCT PERMATA 17 VOY 1224 ETD 21052026 | R93: 46163 | S93: REFILL NEW ISOTANK : | T93: =+S93&D93 -> REFILL NEW ISOTANK :SJIU2322022
A94: =TRIM(N94) -> 99397 | B94: =TRIM(D94) -> NTTU1753723 | C94: =VLOOKUP(B94,[1]Sheet1!$A:$G,7,) -> ROL100IDR | D94: NTTU1753723 | E94: 20290 | F94: KG | G94: EMPTY | H94: OUTBOUND | I94: =E94 -> 20290 | J94: 46158 | K94: 218799 | L94: V285 7 April 2026 | M94: 46149 | N94: 99397 | O94: 100292 | P94: 23000 | Q94: LCT PERMATA 17 VOY 1224 ETD 21052026 | R94: 46163 | S94: REFILL NEW ISOTANK : | T94: =+S94&D94 -> REFILL NEW ISOTANK :NTTU1753723
A95: =TRIM(N95) -> 99479 | B95: =D95 -> NTTU1752732 | C95: =VLOOKUP(B95,[1]Sheet1!$A:$G,7,) -> DWI101IDR | D95: NTTU1752732 | E95: 21440 | F95: KG | G95: EMPTY | H95: OUTBOUND | I95: =E95 -> 21440 | J95: 46166 | K95: 219037 | L95: V285 7 April 2026 | M95: 46149 | N95: 99479 | O95: 100576 | P95: 23000 | Q95: LCT P17 VOY 1225 ETD 09062026 | R95: 46182 | S95: REFILL NEW ISOTANK : | T95: =+S95&D95 -> REFILL NEW ISOTANK :NTTU1752732
A96: =TRIM(N96) -> 99440 | B96: =D96 -> NTTU1752753 | C96: =VLOOKUP(B96,[1]Sheet1!$A:$G,7,) -> DWI101IDR | D96: NTTU1752753 | E96: 21200 | F96: KG | G96: EMPTY | H96: OUTBOUND | I96: =E96 -> 21200 | J96: 46163 | K96: 218799 | L96: V285 7 April 2026 | M96: 46149 | N96: 99440 | O96: 100574 | P96: 23000 | Q96: LCT P17 VOY 1225 ETD 09062026 | R96: 46182 | S96: REFILL NEW ISOTANK : | T96: =+S96&D96 -> REFILL NEW ISOTANK :NTTU1752753
A97: =TRIM(N97) -> 99441 | B97: =D97 -> DJEU0303786 | C97: =VLOOKUP(B97,[1]Sheet1!$A:$G,7,) -> DWI101IDR | D97: DJEU0303786 | E97: 21450 | F97: KG | G97: EMPTY | H97: OUTBOUND | I97: =E97 -> 21450 | J97: 46165 | K97: 219037 | L97: V285 7 April 2026 | M97: 46149 | N97: 99441 | O97: 100575 | P97: 23000 | Q97: LCT P17 VOY 1225 ETD 09062026 | R97: 46182 | S97: REFILL NEW ISOTANK : | T97: =+S97&D97 -> REFILL NEW ISOTANK :DJEU0303786
A98: =TRIM(N98) -> 99400 | B98: =D98 -> DJEU0303662 | C98: =VLOOKUP(B98,[1]Sheet1!$A:$G,7,) -> DWI101IDR | D98: DJEU0303662 | E98: 21350 | F98: KG | G98: EMPTY | H98: OUTBOUND | I98: =E98 -> 21350 | J98: 46167 | K98: 219037 | L98: V285 7 April 2026 | M98: 46149 | N98: 99400 | O98: 100577 | P98: 23000 | Q98: LCT P17 VOY 1225 ETD 09062026 | R98: 46182 | S98: REFILL NEW ISOTANK : | T98: =+S98&D98 -> REFILL NEW ISOTANK :DJEU0303662
A99: =TRIM(N99) -> 99439 | B99: =D99 -> DJEU0303750 | C99: =VLOOKUP(B99,[1]Sheet1!$A:$G,7,) -> DWI101IDR | D99: DJEU0303750 | E99: 21110 | F99: KG | G99: EMPTY | H99: OUTBOUND | I99: =E99 -> 21110 | J99: 46168 | K99: 219037 | L99: V285 7 April 2026 | M99: 46149 | N99: 99439 | O99: 100573 | P99: 23000 | Q99: LCT P17 VOY 1225 ETD 09062026 | R99: 46182 | S99: REFILL NEW ISOTANK : | T99: =+S99&D99 -> REFILL NEW ISOTANK :DJEU0303750
A100: =TRIM(N100) -> 99435 | B100: =D100 -> DJEU0303873 | C100: =VLOOKUP(B100,[1]Sheet1!$A:$G,7,) -> DWI101IDR | D100: DJEU0303873 | E100: 21190 | F100: KG | G100: EMPTY | H100: OUTBOUND | I100: =E100 -> 21190 | J100: 46169 | K100: 219037 | L100: V285 7 April 2026 | M100: 46149 | N100: 99435 | O100: 100569 | P100: 23000 | Q100: LCT P17 VOY 1225 ETD 09062026 | R100: 46182 | S100: REFILL NEW ISOTANK : | T100: =+S100&D100 -> REFILL NEW ISOTANK :DJEU0303873
...

Sheet MASTER
A1: OUTBOUND | E1: FULL
A2: WAREHOUSE | E2: EMPTY
A3: INBOUND - SUB KOE | E3: INSTALL
A4: INBOUND - HUB SUB | E4: STOP REFILL
A5: 25KT
A6: VENDOR
A7: INBOUND- KOE WTR

Sheet REKAP ACID TO PR
F1: 6823-03-114225
B2: PR/PO REFILL ACID OUTBOUND
B3: 6823-03-114225 | C3: 6823-03-114225
A4: Status | B4: TYPE | C4: Vendor | D4: PR | E4: Qty | F4: NOMOR ISO | G4: REMARKS | H4: TANK ID | I4: CM OUT | J4: Next Approval
B5: ACID | C5: ADIMITRA PRIMA LESTARI, PT | D5: PANI (NO REFILL) | E5: PANI (NO REFILL) | F5: SJIU2522993 | G5: LCT PERMATA 17 Voy 1215 ETD 03012026 | K5: REFILL NEW ISOTANK : | L5: =+K5&F5 -> REFILL NEW ISOTANK :SJIU2522993
B6: ACID | C6: ADIMITRA PRIMA LESTARI, PT | D6: PANI (NO REFILL) | E6: PANI (NO REFILL) | F6: SJIU2522972 | G6: LCT PERMATA 17 Voy 1215 ETD 03012026 | K6: REFILL NEW ISOTANK : | L6: =+K6&F6 -> REFILL NEW ISOTANK :SJIU2522972
B7: ACID | C7: ADIMITRA PRIMA LESTARI, PT | D7: PANI (NO REFILL) | E7: PANI (NO REFILL) | F7: SJIU2522967 | G7: LCT PERMATA 17 Voy 1215 ETD 03012026 | K7: REFILL NEW ISOTANK : | L7: =+K7&F7 -> REFILL NEW ISOTANK :SJIU2522967
B8: ACID | C8: ROL100IDR | D8: 98131 | E8: 23000 | F8: NTTU1753765 | G8: LCT PERMATA 17 Voy 1215 ETD 03012026 | K8: REFILL NEW ISOTANK : | L8: =+K8&F8 -> REFILL NEW ISOTANK :NTTU1753765
B9: ACID | C9: ADIMITRA PRIMA LESTARI, PT | D9: PANI (NO REFILL) | E9: PANI (NO REFILL) | F9: SJIU2422612 | G9: LCT PERMATA 17 Voy 1216 ETD 23012026 | K9: REFILL NEW ISOTANK : | L9: =+K9&F9 -> REFILL NEW ISOTANK :SJIU2422612
B10: ACID | C10: ADIMITRA PRIMA LESTARI, PT | D10: PANI (NO REFILL) | E10: PANI (NO REFILL) | F10: SJIU2422628 | G10: LCT PERMATA 17 Voy 1216 ETD 23012026 | K10: REFILL NEW ISOTANK : | L10: =+K10&F10 -> REFILL NEW ISOTANK :SJIU2422628
B11: ACID | C11: DWI101IDR | D11: 98321 | E11: 23000 | F11: DJEU0303636 | G11: LCT PERMATA 17 Voy 1216 ETD 23012026 | K11: REFILL NEW ISOTANK : | L11: =+K11&F11 -> REFILL NEW ISOTANK :DJEU0303636
B12: ACID | C12: ROL100IDR | D12: 98322 | E12: 23000 | F12: NTTU1753739 | G12: LCT PERMATA 17 Voy 1216 ETD 23012026 | K12: REFILL NEW ISOTANK : | L12: =+K12&F12 -> REFILL NEW ISOTANK :NTTU1753739
B13: ACID | C13: ROL100IDR | D13: 98323 | E13: 23000 | F13: NTTU1753702 | G13: LCT PERMATA 17 Voy 1216 ETD 23012026 | K13: REFILL NEW ISOTANK : | L13: =+K13&F13 -> REFILL NEW ISOTANK :NTTU1753702
B14: ACID | C14: DWI101IDR | D14: 98324 | E14: 23000 | F14: NTTU1752748 | G14: LCT PERMATA 17 Voy 1216 ETD 23012026 | K14: REFILL NEW ISOTANK : | L14: =+K14&F14 -> REFILL NEW ISOTANK :NTTU1752748
B15: ACID | C15: DWI101IDR | D15: 98325 | E15: 23000 | F15: DJEU0303810 | G15: LCT PERMATA 17 Voy 1216 ETD 23012026 | K15: REFILL NEW ISOTANK : | L15: =+K15&F15 -> REFILL NEW ISOTANK :DJEU0303810
B16: ACID | C16: DWI101IDR | D16: 98326 | E16: 23000 | F16: DJEU0303699 | G16: LCT PERMATA 17 Voy 1216 ETD 23012026 | K16: REFILL NEW ISOTANK : | L16: =+K16&F16 -> REFILL NEW ISOTANK :DJEU0303699
B17: ACID | C17: DWI101IDR | D17: 98985 | E17: 23000 | F17: DJEU0303718 | G17: LCT PERMATA 17 Voy 1216 ETD 23012026 | K17: REFILL NEW ISOTANK : | L17: =+K17&F17 -> REFILL NEW ISOTANK :DJEU0303718
B18: ACID | C18: DWI101IDR | D18: 98328 | E18: 23000 | F18: DJEU0303791 | G18: LCT PERMATA 17 Voy 1216 ETD 23012026 | K18: REFILL NEW ISOTANK : | L18: =+K18&F18 -> REFILL NEW ISOTANK :DJEU0303791
B19: ACID | C19: DWI101IDR | D19: 98986 | E19: 23000 | F19: DJEU0303826 | G19: LCT PERMATA 17 Voy 1216 ETD 23012026 | K19: REFILL NEW ISOTANK : | L19: =+K19&F19 -> REFILL NEW ISOTANK :DJEU0303826
B20: ACID | C20: DWI101IDR | D20: 98455 | E20: 23000 | F20: DJEU0303765 | G20: LCT PERMATA 17 Voy 1217 ETD 03012026 | K20: REFILL NEW ISOTANK : | L20: =+K20&F20 -> REFILL NEW ISOTANK :DJEU0303765
B21: ACID | C21: DWI101IDR | D21: 98456 | E21: 23000 | F21: NTTU1752795 | G21: LCT PERMATA 17 Voy 1217 ETD 03012026 | K21: REFILL NEW ISOTANK : | L21: =+K21&F21 -> REFILL NEW ISOTANK :NTTU1752795
B22: ACID | C22: DWI101IDR | D22: 98457 | E22: 23000 | F22: DJEU0303750 | G22: LCT PERMATA 17 Voy 1217 ETD 03012026 | K22: REFILL NEW ISOTANK : | L22: =+K22&F22 -> REFILL NEW ISOTANK :DJEU0303750
B23: ACID | C23: DWI101IDR | D23: 98458 | E23: 23000 | F23: NTTU1752711 | G23: LCT PERMATA 17 Voy 1217 ETD 03012026 | K23: REFILL NEW ISOTANK : | L23: =+K23&F23 -> REFILL NEW ISOTANK :NTTU1752711
B24: ACID | C24: DWI101IDR | D24: 98987 | E24: 23000 | F24: NTTU1752671 | G24: LCT PERMATA 17 Voy 1218 ETD 25022026 | K24: REFILL NEW ISOTANK : | L24: =+K24&F24 -> REFILL NEW ISOTANK :NTTU1752671 | P24: NTTU1752687
B25: ACID | C25: DWI101IDR | D25: 98988 | E25: 23000 | F25: NTTU1752692 | G25: LCT PERMATA 17 Voy 1218 ETD 25022026 | K25: REFILL NEW ISOTANK : | L25: =+K25&F25 -> REFILL NEW ISOTANK :NTTU1752692 | P25: DJEU0303739
B26: ACID | C26: ADIMITRA PRIMA LESTARI, PT | D26: PANI (NO REFILL) | E26: PANI (NO REFILL) | F26: SJIU2422633 | G26: LCT PERMATA 17 Voy 1218 ETD 25022026 | K26: REFILL NEW ISOTANK : | L26: =+K26&F26 -> REFILL NEW ISOTANK :SJIU2422633 | P26: NTTU1752753
B27: ACID | C27: ADIMITRA PRIMA LESTARI, PT | D27: PANI (NO REFILL) | E27: PANI (NO REFILL) | F27: SJIU2422649 | G27: LCT PERMATA 17 Voy 1218 ETD 25022026 | K27: REFILL NEW ISOTANK : | L27: =+K27&F27 -> REFILL NEW ISOTANK :SJIU2422649 | P27: DJEU0303786
B28: ACID | C28: ADIMITRA PRIMA LESTARI, PT | D28: PANI (NO REFILL) | E28: PANI (NO REFILL) | F28: SJIU2422660 | G28: LCT PERMATA 17 Voy 1218 ETD 25022026 | K28: REFILL NEW ISOTANK : | L28: =+K28&F28 -> REFILL NEW ISOTANK :SJIU2422660 | P28: DJEU0303770
B29: ACID | C29: DWI101IDR | D29: 99398 | E29: 23000 | F29: DJEU0303600 | G29: LCT P17 VOY 1221 ETD 13042026 | K29: REFILL NEW ISOTANK : | L29: =+K29&F29 -> REFILL NEW ISOTANK :DJEU0303600
B30: ACID | C30: ROL100IDR | D30: 99395 | E30: 23000 | F30: SJIU2001260 | G30: LCT P17 VOY 1221 ETD 13042026 | K30: REFILL NEW ISOTANK : | L30: =+K30&F30 -> REFILL NEW ISOTANK :SJIU2001260
B31: ACID | C31: DWI101IDR | D31: 99404 | E31: 23000 | F31: DJEU0303702 | G31: LCT P17 VOY 1221 ETD 13042026 | K31: REFILL NEW ISOTANK : | L31: =+K31&F31 -> REFILL NEW ISOTANK :DJEU0303702
B32: ACID | C32: DWI101IDR | D32: 99399 | E32: 23000 | F32: NTTU1752780 | G32: LCT P17 VOY 1221 ETD 13042026 | K32: REFILL NEW ISOTANK : | L32: =+K32&F32 -> REFILL NEW ISOTANK :NTTU1752780
B33: ACID | C33: ROL100IDR | D33: 99401 | E33: 23000 | F33: SJIU2322017 | G33: LCT P17 VOY 1221 ETD 13042026 | K33: REFILL NEW ISOTANK : | L33: =+K33&F33 -> REFILL NEW ISOTANK :SJIU2322017
B34: ACID | C34: ROL100IDR | D34: 99402 | E34: 23000 | F34: SJIU2221557 | G34: LCT P17 VOY 1221 ETD 13042026 | K34: REFILL NEW ISOTANK : | L34: =+K34&F34 -> REFILL NEW ISOTANK :SJIU2221557
B35: ACID | C35: ROL100IDR | D35: 99403 | E35: 23000 | F35: SJIU2221726 | G35: LCT P17 VOY 1221 ETD 13042026 | K35: REFILL NEW ISOTANK : | L35: =+K35&F35 -> REFILL NEW ISOTANK :SJIU2221726
B36: ACID | C36: DWI101IDR | D36: 99400 | E36: 23000 | F36: DJEU0303662 | G36: LCT P17 VOY 1221 ETD 13042026 | K36: REFILL NEW ISOTANK : | L36: =+K36&F36 -> REFILL NEW ISOTANK :DJEU0303662
B37: ACID | C37: ROL100IDR | D37: 99397 | E37: 23000 | F37: NTTU1753723 | G37: LCT P17 VOY 1221 ETD 13042026 | K37: REFILL NEW ISOTANK : | L37: =+K37&F37 -> REFILL NEW ISOTANK :NTTU1753723
B38: ACID | C38: ROL100IDR | D38: 99396 | E38: 23000 | F38: SJIU2322022 | G38: LCT P17 VOY 1221 ETD 13042026 | K38: REFILL NEW ISOTANK : | L38: =+K38&F38 -> REFILL NEW ISOTANK :SJIU2322022
A39: SOC DJE | B39: ACID | C39: DWI101IDR | D39: 99435 | E39: 23000 | F39: DJEU0303873 | G39: LCT P17 VOY 1220 ETD 18032026 | K39: REFILL NEW ISOTANK : | L39: =+K39&F39 -> REFILL NEW ISOTANK :DJEU0303873
A40: SOC DJE | B40: ACID | C40: DWI101IDR | D40: 99436 | E40: 23000 | F40: NTTU1752727 | G40: LCT P17 VOY 1220 ETD 18032026 | K40: REFILL NEW ISOTANK : | L40: =+K40&F40 -> REFILL NEW ISOTANK :NTTU1752727
A41: SOC DJE | B41: ACID | C41: DWI101IDR | D41: Additional tank | E41: 23000 | F41: NTTU1752732 | G41: LCT P17 VOY 1220 ETD 18032026 | K41: REFILL NEW ISOTANK : | L41: =+K41&F41 -> REFILL NEW ISOTANK :NTTU1752732
A42: SOC DJE | B42: ACID | C42: DWI101IDR | D42: 99437 | E42: 23000 | F42: DJEU0303615 | G42: LCT P17 VOY 1220 ETD 18032026 | K42: REFILL NEW ISOTANK : | L42: =+K42&F42 -> REFILL NEW ISOTANK :DJEU0303615
A43: SOC DJE | B43: ACID | C43: DWI101IDR | D43: 99438 | E43: 23000 | F43: NTTU1752687 | G43: LCT P17 VOY 1220 ETD 18032026 | K43: REFILL NEW ISOTANK : | L43: =+K43&F43 -> REFILL NEW ISOTANK :NTTU1752687
A44: SOC DJE | B44: ACID | C44: DWI101IDR | D44: 99439 | E44: 23000 | F44: DJEU0303739 | G44: LCT P17 VOY 1220 ETD 18032026 | K44: REFILL NEW ISOTANK : | L44: =+K44&F44 -> REFILL NEW ISOTANK :DJEU0303739
A45: SOC DJE | B45: ACID | C45: DWI101IDR | D45: 99440 | E45: 23000 | F45: NTTU1752753 | G45: LCT P17 VOY 1220 ETD 18032026 | K45: REFILL NEW ISOTANK : | L45: =+K45&F45 -> REFILL NEW ISOTANK :NTTU1752753
A46: SOC DJE | B46: ACID | C46: DWI101IDR | D46: 99441 | E46: 23000 | F46: DJEU0303786 | G46: LCT P17 VOY 1220 ETD 18032026 | K46: REFILL NEW ISOTANK : | L46: =+K46&F46 -> REFILL NEW ISOTANK :DJEU0303786
A47: SOC DJE | B47: ACID | C47: DWI101IDR | D47: 99442 | E47: 23000 | F47: DJEU0303770 | G47: LCT P17 VOY 1220 ETD 18032026 | K47: REFILL NEW ISOTANK : | L47: =+K47&F47 -> REFILL NEW ISOTANK :DJEU0303770
A48: SOC ROLIMEX | B48: ACID | C48: ROL100IDR | D48: 99443 | E48: 23000 | F48: SJIU2322038 | G48: LCT P17 VOY 1220 ETD 18032026 | K48: REFILL NEW ISOTANK : | L48: =+K48&F48 -> REFILL NEW ISOTANK :SJIU2322038
A49: SJIU2322017 | B49: ACID | C49: DWI101IDR | D49: 99401 | E49: 23000 | F49: SJIU2322017 | G49: LCT P17 VOY 1221 ETD 03042026 | K49: REFILL NEW ISOTANK : | L49: =+K49&F49 -> REFILL NEW ISOTANK :SJIU2322017
A50: SJIU2001260 | B50: ACID | C50: ROL100IDR | D50: 99395 | E50: 23000 | F50: SJIU2001260 | G50: LCT P17 VOY 1221 ETD 03042026 | K50: REFILL NEW ISOTANK : | L50: =+K50&F50 -> REFILL NEW ISOTANK :SJIU2001260
A51: SJIU2221557 | B51: ACID | C51: DWI101IDR | D51: 99402 | E51: 23000 | F51: SJIU2221557 | G51: LCT P17 VOY 1221 ETD 03042026 | K51: REFILL NEW ISOTANK : | L51: =+K51&F51 -> REFILL NEW ISOTANK :SJIU2221557
A52: SJIU2221726 | B52: ACID | C52: DWI101IDR | D52: 99403 | E52: 23000 | F52: SJIU2221726 | G52: LCT P17 VOY 1221 ETD 03042026 | K52: REFILL NEW ISOTANK : | L52: =+K52&F52 -> REFILL NEW ISOTANK :SJIU2221726
A53: SJIU2322022 | B53: ACID | C53: ROL100IDR | D53: 99396 | E53: 23000 | F53: SJIU2322022 | G53: LCT P17 VOY 1221 ETD 03042026 | K53: REFILL NEW ISOTANK : | L53: =+K53&F53 -> REFILL NEW ISOTANK :SJIU2322022
... A58: DJEU0303662 | B58: ACID | C58: ROL100IDR | D58: 99400 | E58: 23000 | F58: DJEU0303662 | G58: LCT P17 VOY 1221 ETD 03042026 | K58: REFILL NEW ISOTANK : | L58: =+K58&F58 -> REFILL NEW ISOTANK :DJEU0303662
B59: ACID | C59: ROL100IDR | D59: 99614 | E59: 23000 | F59: SJIU2221691 | G59: LCT PERMATA 17 : 1222 ETD WETAR 150426 | K59: REFILL NEW ISOTANK : | L59: =+K59&F59 -> REFILL NEW ISOTANK :SJIU2221691
B60: ACID | C60: DWI101IDR | D60: 99615 | E60: 23000 | F60: DJEU0303868 | G60: LCT PERMATA 17 : 1222 ETD WETAR 150426 | K60: REFILL NEW ISOTANK : | L60: =+K60&F60 -> REFILL NEW ISOTANK :DJEU0303868
B61: ACID | C61: ROL100IDR | D61: 99616 | E61: 23000 | F61: SJIU2322090 | G61: LCT PERMATA 17 : 1222 ETD WETAR 150426 | K61: REFILL NEW ISOTANK : | L61: =+K61&F61 -> REFILL NEW ISOTANK :SJIU2322090
B62: ACID | C62: DWI101IDR | D62: 99623 | E62: 23000 | F62: DJEU0303805 | G62: LCT PERMATA 17 : 1222 ETD WETAR 150426 | K62: REFILL NEW ISOTANK : | L62: =+K62&F62 -> REFILL NEW ISOTANK :DJEU0303805
B63: ACID | C63: DWI101IDR | D63: 99624 | E63: 23000 | F63: DJEU0303908 | G63: LCT PERMATA 17 : 1222 ETD WETAR 150426 | K63: REFILL NEW ISOTANK : | L63: =+K63&F63 -> REFILL NEW ISOTANK :DJEU0303908
B64: ACID | C64: DWI101IDR | D64: 99625 | E64: 23000 | F64: DJEU0303852 | G64: LCT PERMATA 17 : 1222 ETD WETAR 150426 | K64: REFILL NEW ISOTANK : | L64: =+K64&F64 -> REFILL NEW ISOTANK :DJEU0303852
B65: ACID | C65: ROL100IDR | D65: 99617 | E65: 23000 | F65: NTTU1753699 | G65: LCT PERMATA 17 : 1222 ETD WETAR 150426 | K65: REFILL NEW ISOTANK : | L65: =+K65&F65 -> REFILL NEW ISOTANK :NTTU1753699
B66: ACID | C66: ROL100IDR | D66: 99618 | E66: 23000 | F66: SJIU2322001 | G66: LCT PERMATA 17 : 1222 ETD WETAR 150426 | K66: REFILL NEW ISOTANK : | L66: =+K66&F66 -> REFILL NEW ISOTANK :SJIU2322001
B67: ACID | C67: ROL100IDR | D67: 99619 | E67: 23000 | F67: SJIU2221541 | G67: LCT PERMATA 17 : 1222 ETD WETAR 150426 | K67: REFILL NEW ISOTANK : | L67: =+K67&F67 -> REFILL NEW ISOTANK :SJIU2221541
B68: ACID | C68: ROL100IDR | D68: 99620 | E68: 23000 | F68: SJIU2221710 | G68: LCT PERMATA 17 : 1222 ETD WETAR 150426 | K68: REFILL NEW ISOTANK : | L68: =+K68&F68 -> REFILL NEW ISOTANK :SJIU2221710
B69: ACID | C69: ROL100IDR | D69: 99622 | E69: 23000 | F69: SJIU2221536 | G69: LCT PERMATA 17 : 1222 ETD WETAR 150426 | K69: REFILL NEW ISOTANK : | L69: =+K69&F69 -> REFILL NEW ISOTANK :SJIU2221536
B70: ACID | C70: ADIMITRA PRIMA LESTARI, PT | D70: PANI (NO REFILL) | E70: PANI (NO REFILL) | F70: SJIU2422675 | G70: LCT PERMATA 17 VOY 1219 ETD 10032026 | K70: REFILL NEW ISOTANK : | L70: =+K70&F70 -> REFILL NEW ISOTANK :SJIU2422675
B71: ACID | C71: ADIMITRA PRIMA LESTARI, PT | D71: PANI (NO REFILL) | E71: PANI (NO REFILL) | F71: SJIU2422680 | G71: LCT PERMATA 17 VOY 1219 ETD 10032026 | K71: REFILL NEW ISOTANK : | L71: =+K71&F71 -> REFILL NEW ISOTANK :SJIU2422680
A72: =TRIM(F72) -> DJEU0303699 | B72: ACID | C72: DWI101IDR | D72: 100382 | E72: 23000 | F72: DJEU0303699 | G72: LCT PERMATA 17 VOY 1223 ETD 09052026 | K72: REFILL NEW ISOTANK : | L72: =+K72&F72 -> REFILL NEW ISOTANK :DJEU0303699 | M72: SOC ROLIMEX
A73: =TRIM(F73) -> NTTU1752795 | B73: ACID | C73: DWI101IDR | D73: 100381 | E73: 23000 | F73: NTTU1752795 | G73: LCT PERMATA 17 VOY 1223 ETD 09052026 | K73: REFILL NEW ISOTANK : | L73: =+K73&F73 -> REFILL NEW ISOTANK :NTTU1752795 | M73: SOC ROLIMEX
A74: =TRIM(F74) -> SJIU2221578 | B74: ACID | C74: ROL100IDR | D74: 99997 | E74: 23000 | F74: SJIU2221578 | G74: LCT PERMATA 17 VOY 1223 ETD 09052026 | K74: REFILL NEW ISOTANK : | L74: =+K74&F74 -> REFILL NEW ISOTANK :SJIU2221578 | M74: SOC ROLIMEX
A75: =TRIM(F75) -> SJIU2221705 | B75: ACID | C75: ROL100IDR | D75: 99998 | E75: 23000 | F75: SJIU2221705 | G75: LCT PERMATA 17 VOY 1223 ETD 09052026 | K75: REFILL NEW ISOTANK : | L75: =+K75&F75 -> REFILL NEW ISOTANK :SJIU2221705 | M75: SOC ROLIMEX
A76: =TRIM(F76) -> NTTU1753750 | B76: ACID | C76: ROL100IDR | D76: 99999 | E76: 23000 | F76: NTTU1753750 | G76: LCT PERMATA 17 VOY 1223 ETD 09052026 | K76: REFILL NEW ISOTANK : | L76: =+K76&F76 -> REFILL NEW ISOTANK :NTTU1753750 | M76: SOC DJE
A77: =TRIM(F77) -> SJIU2322043 | B77: ACID | C77: ROL100IDR | D77: 100000 | E77: 23000 | F77: SJIU2322043 | G77: LCT PERMATA 17 VOY 1223 ETD 09052026 | K77: REFILL NEW ISOTANK : | L77: =+K77&F77 -> REFILL NEW ISOTANK :SJIU2322043 | M77: SOC DJE
A78: =TRIM(F78) -> DJEU0303929 | B78: ACID | C78: DWI101IDR | D78: 100006 | E78: 23000 | F78: DJEU0303929 | G78: LCT PERMATA 17 VOY 1223 ETD 09052026 | K78: REFILL NEW ISOTANK : | L78: =+K78&F78 -> REFILL NEW ISOTANK :DJEU0303929 | M78: SOC ROLIMEX
A79: =TRIM(F79) -> DJEU0303913 | B79: ACID | C79: DWI101IDR | D79: 100007 | E79: 23000 | F79: DJEU0303913 | G79: LCT PERMATA 17 VOY 1223 ETD 09052026 | K79: REFILL NEW ISOTANK : | L79: =+K79&F79 -> REFILL NEW ISOTANK :DJEU0303913 | M79: SOC ROLIMEX
A80: =TRIM(F80) -> NTTU1753765 | B80: ACID | C80: ROL100IDR | D80: 100001 | E80: 23000 | F80: NTTU1753765 | G80: LCT PERMATA 17 VOY 1223 ETD 09052026 | K80: REFILL NEW ISOTANK : | L80: =+K80&F80 -> REFILL NEW ISOTANK :NTTU1753765 | M80: SOC ROLIMEX
A81: =TRIM(F81) -> SJIU2322059 | B81: ACID | C81: ROL100IDR | D81: 100002 | E81: 23000 | F81: SJIU2322059 | G81: LCT PERMATA 17 VOY 1223 ETD 09052026 | K81: REFILL NEW ISOTANK : | L81: =+K81&F81 -> REFILL NEW ISOTANK :SJIU2322059 | M81: SOC ROLIMEX
A82: =TRIM(F82) -> SJIU2322064 | B82: ACID | C82: ROL100IDR | D82: 100003 | E82: 23000 | F82: SJIU2322064 | G82: LCT PERMATA 17 VOY 1223 ETD 09052026 | K82: REFILL NEW ISOTANK : | L82: =+K82&F82 -> REFILL NEW ISOTANK :SJIU2322064 | M82: SOC ROLIMEX
A83: =TRIM(F83) -> SJIU2001275 | B83: ACID | C83: ROL100IDR | D83: 100004 | E83: 23000 | F83: SJIU2001275 | G83: LCT PERMATA 17 VOY 1223 ETD 09052026 | K83: REFILL NEW ISOTANK : | L83: =+K83&F83 -> REFILL NEW ISOTANK :SJIU2001275 | M83: SOC DJE
... A87: =TRIM(F87) -> DJEU0303765 | B87: ACID | C87: ROL100IDR | D87: 100011 | E87: 23000 | F87: DJEU0303765 | G87: LCT PERMATA 17 VOY 1223 ETD 09052026 | K87: REFILL NEW ISOTANK : | L87: =+K87&F87 -> REFILL NEW ISOTANK :DJEU0303765 | M87: SOC DJE
A88: =TRIM(F88) -> DJEU0303810 | B88: ACID | C88: DWI101IDR | D88: 100383 | E88: 23000 | F88: DJEU0303810 | G88: LCT PERMATA 17 VOY 1224 ETD 21052026 | K88: REFILL NEW ISOTANK : | L88: =+K88&F88 -> REFILL NEW ISOTANK :DJEU0303810
A89: =TRIM(F89) -> NTTU1752711 | B89: ACID | C89: DWI101IDR | D89: 100384 | E89: 23000 | F89: NTTU1752711 | G89: LCT PERMATA 17 VOY 1224 ETD 21052026 | K89: REFILL NEW ISOTANK : | L89: =+K89&F89 -> REFILL NEW ISOTANK :NTTU1752711
A90: =TRIM(F90) -> DJEU0303826 | B90: ACID | C90: DWI101IDR | D90: 100385 | E90: 23000 | F90: DJEU0303826 | G90: LCT PERMATA 17 VOY 1224 ETD 21052026 | K90: REFILL NEW ISOTANK : | L90: =+K90&F90 -> REFILL NEW ISOTANK :DJEU0303826
A91: =TRIM(F91) -> NTTU1752671 | B91: ACID | C91: DWI101IDR | D91: 100386 | E91: 23000 | F91: NTTU1752671 | G91: LCT PERMATA 17 VOY 1224 ETD 21052026 | K91: REFILL NEW ISOTANK : | L91: =+K91&F91 -> REFILL NEW ISOTANK :NTTU1752671
A92: =TRIM(F92) -> NTTU1752692 | B92: ACID | C92: DWI101IDR | D92: 100387 | E92: 23000 | F92: NTTU1752692 | G92: LCT PERMATA 17 VOY 1224 ETD 21052026 | K92: REFILL NEW ISOTANK : | L92: =+K92&F92 -> REFILL NEW ISOTANK :NTTU1752692
A93: =TRIM(F93) -> DJEU0303636 | B93: ACID | C93: DWI101IDR | D93: 100388 | E93: 23000 | F93: DJEU0303636 | G93: LCT PERMATA 17 VOY 1224 ETD 21052026 | K93: REFILL NEW ISOTANK : | L93: =+K93&F93 -> REFILL NEW ISOTANK :DJEU0303636
A94: =TRIM(F94) -> DJEU0303718 | B94: ACID | C94: DWI101IDR | D94: 100389 | E94: 23000 | F94: DJEU0303718 | G94: LCT PERMATA 17 VOY 1224 ETD 21052026 | K94: REFILL NEW ISOTANK : | L94: =+K94&F94 -> REFILL NEW ISOTANK :DJEU0303718
A95: =TRIM(F95) -> DJEU0303770 | B95: ACID | C95: DWI101IDR | D95: 100390 | E95: 23000 | F95: DJEU0303770 | G95: LCT PERMATA 17 VOY 1224 ETD 21052026 | K95: REFILL NEW ISOTANK : | L95: =+K95&F95 -> REFILL NEW ISOTANK :DJEU0303770
A96: =TRIM(F96) -> DJEU0303641 | B96: ACID | C96: DWI101IDR | D96: 100391 | E96: 23000 | F96: DJEU0303641 | G96: LCT PERMATA 17 VOY 1224 ETD 21052026 | K96: REFILL NEW ISOTANK : | L96: =+K96&F96 -> REFILL NEW ISOTANK :DJEU0303641
A97: =TRIM(F97) -> NTTU1753702 | B97: ACID | C97: ROL100IDR | D97: 100288 | E97: 23000 | F97: NTTU1753702 | G97: LCT PERMATA 17 VOY 1224 ETD 21052026 | K97: REFILL NEW ISOTANK : | L97: =+K97&F97 -> REFILL NEW ISOTANK :NTTU1753702
A98: =TRIM(F98) -> SJIU2322038 | B98: ACID | C98: ROL100IDR | D98: 100289 | E98: 23000 | F98: SJIU2322038 | G98: LCT PERMATA 17 VOY 1224 ETD 21052026 | K98: REFILL NEW ISOTANK : | L98: =+K98&F98 -> REFILL NEW ISOTANK :SJIU2322038
A99: =TRIM(F99) -> SJIU2322022 | B99: ACID | C99: ROL100IDR | D99: 100291 | E99: 23000 | F99: SJIU2322022 | G99: LCT PERMATA 17 VOY 1224 ETD 21052026 | K99: REFILL NEW ISOTANK : | L99: =+K99&F99 -> REFILL NEW ISOTANK :SJIU2322022
... A110: =TRIM(F110) -> DJEU0303702 | B110: ACID | C110: DWI101IDR | D110: 100770 | E110: 23000 | F110: DJEU0303702 | G110: LCT PERMATA 17 VOY 1226 ETD 21062026 | K110: REFILL NEW ISOTANK : | L110: =+K110&F110 -> REFILL NEW ISOTANK :DJEU0303702
K111: REFILL NEW ISOTANK : | L111: =+K111&F111 -> REFILL NEW ISOTANK :
K112: REFILL NEW ISOTANK : | L112: =+K112&F112 -> REFILL NEW ISOTANK :
K113: REFILL NEW ISOTANK : | L113: =+K113&F113 -> REFILL NEW ISOTANK :
K114: REFILL NEW ISOTANK : | L114: =+K114&F114 -> REFILL NEW ISOTANK :
K115: REFILL NEW ISOTANK : | L115: =+K115&F115 -> REFILL NEW ISOTANK :
K116: REFILL NEW ISOTANK : | L116: =+K116&F116 -> REFILL NEW ISOTANK :
K117: REFILL NEW ISOTANK : | L117: =+K117&F117 -> REFILL NEW ISOTANK :
...

Sheet mei
A1: Vendor | B1: PO | D1: No. Isotank | E1: Qty | F1: Remaks | I1: Qty On Site | K1: Qty Empty On Site | M1: Outbound ( Koe - Sub) | O1: Outbound HUB | Q1: Inbound ( KOE-SUB) | S1: Inbound ( SUB-KOE) | U1: Total Supply | W1: Kekurangan
A2: Dwijaya | B2: 99615 | C2: April | D2: DJEU0303868 | E2: 20000 | I2: QTY Isotank | J2: Qty Kg | K2: QTY Isotank | L2: Qty Kg | M2: QTY Isotank | N2: Qty Kg | O2: QTY Isotank | P2: Qty Kg | Q2: QTY Isotank | R2: Qty Kg | S2: QTY Isotank | T2: Qty Kg | U2: QTY Isotank | V2: Qty Kg | W2: QTY Isotank | X2: Qty Kg
B3: 99623 | C3: April | D3: DJEU0303805 | E3: 20000 | H3: ENERGI JAYA INOVASI PT | I3: 0 | K3: 0 | U3: 2 | V3: 500000 | W3: =U3-S3-Q3 -> 2 | X3: =V3-T3-R3 -> 500000
B4: 99624 | C4: April | D4: DJEU0303908 | E4: 20000 | H4: DWI JAYA EKAPRIMA, PT | I4: 7 | K4: 4 | M4: 9 | N4: =M4*20500 -> 184500 | O4: 7 | P4: =O4*20500 -> 143500 | Q4: 3 | R4: 63230 | S4: 1 | T4: 85930 | U4: 9 | V4: 180000 | W4: =U4-S4-Q4 -> 5 | X4: =V4-T4-R4 -> 30840
B5: 99625 | C5: April | D5: DJEU0303852 | E5: 20000 | H5: ROLIMEX | I5: 5 | K5: 0 | M5: 4 | N5: =20500*4 -> 82000 | O5: 8 | P5: =O5*20500 -> 164000 | Q5: 5 | R5: 102790 | S5: 3 | T5: 61800 | U5: 15 | V5: 310000 | W5: =U5-S5-Q5 -> 7 | X5: =V5-T5-R5 -> 145410
B7: 100006 | C7: Mei | D7: DJEU03039290 | E7: 20000 | H7: Total | I7: =SUM(I3:I5) -> 12 | J7: =SUM(J3:J5) -> 0 | K7: =SUM(K3:K5) -> 4 | L7: =SUM(L3:L5) -> 0 | M7: =SUM(M3:M5) -> 13 | N7: =SUM(N3:N5) -> 266500 | O7: =SUM(O3:O5) -> 15 | P7: =SUM(P3:P5) -> 307500 | ... X7: =SUM(X3:X5) -> 676250
B10: 100007 | C10: Mei | D10: DJEU0303913 | E10: 20000 | H10: FORECAST MEI
B11: 100008 | C11: Mei | D11: NTTU1752748 | E11: 20000 | H11: vendor | M11: forecast | N11: qty po | O11: yg sudah inbound / onsite | Q11: inbound koe | S11: inbound hub | U11: outbound isotank | W11: selisih
B12: 100010 | C12: Mei | D12: DJEU0303791 | E12: 20000 | F12: Penambahan PO Isotank | O12: qty isotank | P12: qty kg | Q12: qty isotank | R12: qty kg | S12: qty isotank | T12: qty kg | U12: koe | V12: hub | W12: qty kg
B13: 100011 | C13: Mei | D13: DJEU0303765 | E13: 20000 | F13: Penambahan PO Isotank | H13: ROLIMEX | M13: 310000 | N13: =E33 -> 307090 | O13: 5 | P13: =SUM('[2]ACID & ESCAID STATUS '!D325:D329) -> 102370 | Q13: 5 | R13: =R5 -> 102790 | S13: 3 | T13: =T5 -> 61800 | U13: 4 | V13: 8 | W13: =N13-(P13+R13+T13) -> 40130
B14: Total Qty Isotank | E14: =SUM(E2:E13) -> 180000
H15: DWIJAYA | M15: 180000 | N15: =M15 -> 180000 | O15: 6 | P15: =SUM('[2]ACID & ESCAID STATUS '!D319:D324) -> 127150 | Q15: 3 | R15: 63230 | S15: 1 | T15: 85930 | U15: 9 | V15: 7 | W15: =N15-(P15+R15+T15) -> -96310
A17: Vendor | B17: PO | C17: Bulan | D17: No. Isotank | E17: Qty | F17: Remaks | H17: ENERGI JAYA INOVASI PT | M17: 50000 | N17: 50000 | O17: 0 | P17: 0 | Q17: 0 | R17: 0 | S17: 0 | T17: 0 | U17: 0 | V17: 0 | W17: =N17-(P17+R17+T17) -> 50000
A18: Rolimex | B18: 99997 | C18: Mei | D18: SJIU2221578 | E18: 20500 | F18: Posisi Isotank masih di HUB SUB
B19: 99998 | C19: Mei | D19: SJIU2221705 | E19: 20720 | F19: Sudah Refill
B20: 99999 | C20: Mei | D20: NTTU1753750 | E20: 20690 | F20: Sudah Refill
B21: 100000 | C21: Mei | D21: SJIU2322043 | E21: 20340 | F21: Sudah Refill
B22: 100001 | C22: Mei | D22: NTTU1753765 | E22: 20390 | F22: Sudah Refill
B23: 100002 | C23: Mei | D23: SJIU2322059 | E23: 20500 | F23: Posisi Isotank masih di HUB SUB
B24: 100003 | C24: Mei | D24: SJIU2322064 | E24: 20500 | F24: Posisi Isotank masih di HUB SUB
B25: 100004 | C25: Mei | D25: SJIU2001275 | E25: 20230 | F25: Sudah Refill
B26: 100005 | C26: Mei | D26: SJIU2322085 | E26: 20220 | F26: Sudah Refill
B27: 100009 | C27: Mei | D27: DJEU0303699 | E27: 20500 | F27: Posisi Isotank masih di HUB SUB
B28: 100332 | C28: Mei | D28: New Isotank | E28: 20500 | F28: Proses Pembuatan PO, Menunggu konfirmasi No. Isotank dari Rolimex
B29: 100333 | C29: Mei | D29: New Isotank | E29: 20500 | F29: Proses Pembuatan PO, Menunggu konfirmasi No. Isotank dari Rolimex
B30: 100012 | C30: Mei | D30: NTTU1752795 | E30: 20500 | F30: Kembalikan ke Rolimex , ganti note line ke no. Isotank Rolimex oleh buyer
... B32: 100335 | C32: Mei | D32: New Isotank | E32: 20500 | F32: Proses Pembuatan PO, Menunggu konfirmasi No. Isotank dari Rolimex
B33: Total Qty Isotank | E33: =SUM(E18:E32) -> 307090
A36: Vendor | B36: PO | D36: No. Isotank | E36: Qty | F36: Remaks
A37: Rolimex | B37: 99997 | D37: SJIU2221578 | E37: 20500 | F37: Posisi Isotank masih di HUB SUB
B38: 99998 | D38: SJIU2221705 | E38: 20720 | F38: Sudah Refill
B39: 99999 | D39: NTTU1753750 | E39: 20690 | F39: Sudah Refill
B40: 100000 | D40: SJIU2322043 | E40: 20340 | F40: Sudah Refill
B41: 100001 | D41: NTTU1753765 | E41: 20390 | F41: Sudah Refill
B42: 100002 | D42: SJIU2322059 | E42: 20500 | F42: Posisi Isotank masih di HUB SUB
B43: 100003 | D43: SJIU2322064 | E43: 20500 | F43: Posisi Isotank masih di HUB SUB
B44: 100004 | D44: SJIU2001275 | E44: 20230 | F44: Sudah Refill
B45: 100005 | D45: SJIU2322085 | E45: 20220 | F45: Sudah Refill
B46: 100009 | D46: DJEU0303699 | E46: 20500 | F46: Posisi Isotank masih di HUB SUB
B47: 100332 | D47: DJEU0303791 | E47: 20500 | F47: PO 100010 - Sudah di Pakai untuk Dwijaya
B48: 100333 | D48: DJEU0303765 | E48: 20500 | F48: PO 100011 - Sudah di Pakai untuk Dwijaya
B49: 100012 | D49: NTTU1752795 | E49: 20500 | F49: Kembalikan ke Rolimex , ganti note line ke no. Isotank Rolimex oleh buyer
... B51: 100335 | D51: New Isotank | E51: 20500 | F51: Menunggu konfirmasi No. Isotank dari Rolimex
B52: Total Qty Isotank | E52: =SUM(E37:E51) -> 307090
